TIME,WBHP:P1,WBHP:P2,WBHP:P3,WOPR:P1,WOPR:P2,WOPR:P3,WWPR:P1,WWPR:P2,WWPR:P3,WWCT:P1,WWCT:P2,WWCT:P3
0,5000,5000,5000,30.93,388,220,50,1112,579.3,0.6178,0.7415,0.724
0.041666668,4864.0894,3579.2163,4404.6782,30.933338,388.13995,220.89896,50,1111.86,579.10107,0.61779237,0.74124002,0.7238763
0.083333336,4856.6694,3509.4758,4368.1436,30.937748,389.06317,221.16019,50,1110.9369,578.83984,0.61775875,0.74062455,0.72354978
0.125,4849.0137,3461.8757,4343.0151,30.941729,389.75351,221.34904,50,1110.2465,578.65094,0.61772835,0.74016434,0.72331369
0.16666667,4841.1484,3427.4712,4324.7646,30.945953,390.30396,221.49733,50,1109.696,578.50269,0.61769611,0.73979735,0.72312832
0.20833333,4833.1997,3401.3894,4310.834,30.950258,390.76581,221.62027,50,1109.2341,578.37976,0.61766326,0.73948944,0.72297466
0.25,4825.2876,3380.7683,4299.7124,30.954494,391.16943,221.72665,50,1108.8306,578.27338,0.61763096,0.73922038,0.72284168
0.29166666,4817.5054,3363.8633,4290.4805,30.958553,391.53333,221.82182,50,1108.4667,578.17816,0.61759996,0.73897779,0.72272271
0.33333334,4809.9141,3349.5774,4282.5635,30.962362,391.86914,221.90916,50,1108.1309,578.09082,0.61757094,0.73875391,0.72261351
0.375,4802.5532,3337.2009,4275.5908,30.965879,392.18445,221.99084,50,1107.8156,578.00916,0.61754405,0.73854369,0.72251147
0.41666666,4795.4424,3326.2595,4269.3184,30.969086,392.48431,222.06828,50,1107.5157,577.9317,0.61751962,0.73834378,0.72241467
0.45833334,4788.5898,3316.4287,4263.5801,30.97197,392.77216,222.14246,50,1107.2279,577.85754,0.61749762,0.73815191,0.72232193
0.5,4781.9966,3307.4788,4258.2607,30.974535,393.05045,222.21407,50,1106.9496,577.78595,0.61747807,0.73796636,0.7222324
0.54166669,4775.6572,3299.2439,4253.2783,30.976789,393.32092,222.28357,50,1106.6791,577.71643,0.61746091,0.73778605,0.72214556
0.58333331,4407.0288,3291.4207,4248.397,114.77412,393.58691,222.35246,185.22589,1106.4131,577.64752,0.6174196,0.73760873,0.72205943
0.625,4391.0205,3283.9136,4243.5698,114.76991,393.84937,222.42096,185.23009,1106.1506,577.57904,0.61743361,0.73743379,0.72197378
0.66666669,4660.7642,3276.8362,4238.9453,49.550888,394.10706,222.48813,80,1105.8929,577.5119,0.61751795,0.73726195,0.72188985
0.70833331,4658.3638,3270.1807,4234.5464,49.543621,394.36008,222.55383,80,1105.6399,577.44617,0.61755258,0.73709327,0.72180772
0.75,2183.9165,3262.6753,4229.1509,620.17633,394.62216,222.62579,1000,1105.3778,577.37421,0.61721677,0.73691857,0.72171777
0.79166669,2110.6987,3254.2625,4222.7178,619.74536,394.89401,222.70406,1000,1105.106,577.29596,0.61738098,0.73673731,0.72161996
0.83333331,3405.2932,3245.8738,4216.1797,309.09451,395.16553,222.78265,500,1104.8345,577.21735,0.61797476,0.73655629,0.72152168
0.875,3406.7654,3237.8037,4209.8413,308.55478,395.43344,222.85983,500,1104.5665,577.1402,0.61838728,0.73637772,0.72142524
0.91666669,3404.1821,3230.1116,4203.7749,308.06128,395.69714,222.93524,500,1104.3029,577.06476,0.61876494,0.73620194,0.72133094
0.95833331,3400.2856,3701.7178,4197.9814,307.58682,263.65939,223.00891,500,736.34064,576.99109,0.61912847,0.73634064,0.72123885
1,3396.0605,3717.8862,4192.4429,307.12027,263.62192,223.08096,500,736.37805,576.91901,0.61948633,0.73637807,0.72114879
1.0416666,3925.6067,3727.2632,4187.4009,183.91786,263.63428,223.14987,300,736.36572,576.85016,0.61993992,0.73636574,0.72106266
1.0833334,3936.0596,3732.7727,4182.8413,183.66254,263.67484,223.21574,300,736.3252,576.78424,0.62026715,0.73632514,0.72098035
1.125,3941.7534,3735.9365,4178.6851,183.43916,263.73242,223.2791,300,736.26758,576.72089,0.62055379,0.73626757,0.72090113
1.1666666,2613.1462,3736.9597,4174.2002,489.11212,263.8056,223.34457,800,736.1944,576.65546,0.62058216,0.73619443,0.72081929
1.2083334,2577.9028,3736.343,4169.3115,488.49203,263.89066,223.41248,800,736.10938,576.58752,0.62088084,0.73610938,0.72073442
1.25,2554.6345,3734.563,4164.1318,487.6716,263.98413,223.48206,800,736.01587,576.51794,0.62127644,0.73601586,0.72064745
1.2916666,3672.2712,3732.5479,4159.3491,226.83528,264.07928,223.54895,373.16473,735.92072,576.45105,0.62194121,0.73592073,0.72056383
1.3333334,3690.0972,3730.5715,4155.0791,226.57143,264.17407,223.61258,373.42856,735.82593,576.38745,0.62238097,0.7358259,0.72048426
1.375,3700.0557,3728.6804,4151.2598,226.34814,264.26819,223.67339,373.65186,735.73181,576.3266,0.62275308,0.73573184,0.72040826
1.4166666,3705.6643,3726.856,4147.7964,226.14919,264.36172,223.73198,373.85083,735.63831,576.26801,0.62308466,0.73563826,0.72033501
1.4583334,3708.6782,3725.0693,4144.6035,225.96523,264.45493,223.78888,374.03479,735.5451,576.21112,0.62339133,0.7355451,0.7202639
1.5,3710.0923,3723.2976,4141.6162,225.79082,264.54794,223.84447,374.20917,735.45209,576.15552,0.62368196,0.73545206,0.7201944
1.5416666,3710.4929,3721.5256,4138.7871,225.62279,264.6409,223.89903,374.37723,735.35913,576.10095,0.62396204,0.73535913,0.72012621
1.5833334,3710.2363,3719.7451,4136.082,225.45915,264.73383,223.95276,374.54083,735.26617,576.04724,0.62423474,0.73526615,0.72005904
1.625,3709.5439,3717.9517,4133.4775,225.29872,264.82681,224.00581,374.70126,735.17322,575.9942,0.62450212,0.73517323,0.71999276
1.6666666,3706.9238,1792.8453,4130.936,225.14992,798.49701,224.05843,374.8501,2201.5029,575.94159,0.62475014,0.73383433,0.71992695
1.7083334,3702.4492,1694.9631,4128.4141,225.01196,801.2829,224.11084,374.98804,2198.717,575.88916,0.62498003,0.73290569,0.71986145
1.75,3696.5923,1627.4432,4125.8755,224.8822,803.41876,224.1633,375.1178,2196.5813,575.83667,0.62519634,0.73219377,0.71979588
1.7916666,3689.8242,1578.0789,4123.29,224.75801,805.16272,224.21599,375.24197,2194.8374,575.784,0.62540329,0.73161244,0.71973002
1.8333334,3682.5142,1540.2142,4120.6382,224.63741,806.65686,224.269,375.36261,2193.343,575.73102,0.62560433,0.73111439,0.71966374
1.875,3674.9143,1509.9325,4117.9082,224.51935,807.98523,224.32242,375.48065,2192.0146,575.67761,0.62580109,0.73067158,0.71959698
1.9166666,3667.2156,1484.8395,4115.0952,224.40266,809.1994,224.37627,375.59735,2190.8005,575.62372,0.62599558,0.73026687,0.71952969
1.9583334,3659.5376,1463.4255,4112.1992,224.28668,810.33191,224.43056,375.71332,2189.6682,575.56946,0.62618887,0.72988939,0.7194618
2,3651.9578,1444.7097,4109.2241,224.17096,811.40393,224.48524,375.82904,2188.5962,575.51477,0.62638175,0.729532,0.71939343
2.0416667,3644.5239,1428.035,4106.1768,224.05524,812.42963,224.54028,375.94476,2187.5703,575.45972,0.62657458,0.72919011,0.71932465
2.0833333,3637.2644,1412.9486,4103.0645,223.93936,813.41876,224.59566,376.06064,2186.5813,575.40436,0.62676775,0.72886044,0.71925545
2.125,3630.1951,1399.1295,4099.8965,223.82323,814.3783,224.65129,376.17679,2185.6216,575.34869,0.62696129,0.72854054,0.71918589
2.1666667,3623.3228,1386.3441,4096.6807,223.70677,815.31329,224.70714,376.29321,2184.6868,575.29285,0.62715536,0.72822893,0.71911609
2.2083333,3616.6482,1374.4182,4093.4265,223.59003,816.22742,224.76314,376.40997,2183.7727,575.23688,0.62734997,0.72792423,0.71904606
2.25,3610.1692,1363.2188,4090.1418,223.47296,817.12354,224.81923,376.52704,2182.8765,575.18079,0.62754506,0.72762549,0.71897596
2.2916667,3604.2881,1352.6477,4462.1543,223.35336,818.00372,84.235779,376.64664,2181.9963,215.76422,0.62774438,0.72733212,0.71921408
2.3333333,3600.8005,3485.595,4481.5005,223.22099,217.23526,84.195305,376.77902,582.76477,215.8047,0.62796503,0.72845596,0.71934897
2.375,3599.6235,3578.3013,4493.7554,223.07655,216.7148,84.173927,376.92343,583.28522,215.82607,0.62820572,0.72910649,0.71942025
2.4166667,3600.1943,3639.2251,4501.7456,222.9232,216.39362,84.161774,377.07678,583.60638,215.83823,0.6284613,0.72950798,0.71946079
2.4583333,3601.9497,3681.2297,4507.0894,222.76401,216.18784,84.155174,377.23599,583.81213,215.84482,0.62872666,0.72976518,0.71948272
2.5,3604.4421,3711.3411,4510.749,222.60153,216.05415,84.15213,377.39847,583.94586,215.84787,0.62899745,0.72993231,0.71949291
2.5416667,3607.3481,3733.6982,4513.312,222.43785,215.96736,84.151405,377.56216,584.03265,215.8486,0.62927026,0.73004079,0.7194953
2.5833333,3610.4617,3750.8264,4515.147,222.27388,215.91211,84.152222,377.72614,584.08789,215.84778,0.62954354,0.73010987,0.71949261
2.625,3613.6399,3764.313,4516.4893,222.11037,215.8788,84.154099,377.88962,584.12122,215.8459,0.62981606,0.73015153,0.71948636
2.6666667,3616.791,3775.1851,4517.4927,221.94781,215.86121,84.156693,378.05219,584.13879,215.84331,0.63008696,0.73017347,0.71947771
2.7083333,3619.8572,3784.125,4518.2593,221.78648,215.85522,84.159798,378.2135,584.14478,215.84019,0.63035583,0.73018098,0.71946734
2.75,3621.012,3791.5771,2864.9543,221.63641,215.85815,704.63263,378.36359,584.14185,1795.3673,0.630606,0.73017728,0.71814692
2.7916667,3620.2068,3797.8359,2762.7268,221.49751,215.86823,706.89728,378.50247,584.13177,1793.1028,0.6308375,0.73016471,0.71724111
2.8333333,3617.8821,3803.1055,2692.7285,221.36734,215.8842,708.54199,378.63266,584.11578,1791.458,0.63105446,0.73014474,0.71658319
2.875,3614.5078,3807.5349,2642.3232,221.24332,215.9052,709.81641,378.75668,584.09479,1790.1836,0.63126111,0.73011851,0.71607345
2.9166667,3610.4609,3811.2383,2604.3423,221.12346,215.93053,710.85504,378.87656,584.06946,1789.1449,0.63146091,0.73008686,0.71565801
2.9583333,3606.0132,3814.3074,2574.5413,221.0063,215.95961,711.73718,378.99368,584.04041,1788.2628,0.63165617,0.7300505,0.71530515
3,3601.3525,3816.8186,2550.3264,220.89087,215.992,712.5116,379.10913,584.008,1787.4884,0.63184857,0.73000997,0.71499538
3.0416667,3596.6042,3818.8369,2530.063,220.77647,216.02731,713.20898,379.22351,583.97266,1786.791,0.63203919,0.72996587,0.71471643
3.0833333,3591.8508,3820.4194,2512.6887,220.6627,216.0652,713.84943,379.33728,583.93481,1786.1505,0.63222885,0.72991848,0.71446025
3.125,3587.1453,3821.6155,2497.4929,220.54927,216.10536,714.44641,379.45071,583.89465,1785.5536,0.63241786,0.72986829,0.71422142
3.1666667,3582.5203,3822.4695,2483.9856,220.43602,216.14754,715.00922,379.564,583.85248,1784.9907,0.63260663,0.7298156,0.71399629
3.2083333,3577.9958,3823.0203,2471.8193,220.32281,216.19148,715.54449,379.67719,583.80853,1784.4556,0.63279533,0.72976065,0.71378219
3.25,3573.583,3823.3025,2460.741,220.20963,216.23698,716.05695,379.79037,583.763,1783.9431,0.63298398,0.72970378,0.71357721
3.2916667,3569.2844,3823.3472,2450.5623,220.0965,216.28387,716.55023,379.9035,583.71613,1783.4497,0.63317251,0.72964513,0.71337992
3.3333333,3565.1028,3823.1814,2441.1389,219.98343,216.33197,717.02716,380.01657,583.66803,1782.9729,0.63336092,0.72958505,0.71318913
3.375,3561.0342,3822.8296,2432.3596,219.8705,216.38115,717.48981,380.12952,583.61884,1782.5103,0.63354915,0.72952354,0.71300411
3.4166667,3557.0791,3822.3135,2424.1348,219.75764,216.43126,717.93982,380.24234,583.56873,1782.0602,0.63373727,0.72946095,0.71282405
3.4583333,3553.2339,3821.6519,2416.3931,219.64491,216.48218,718.37872,380.3551,583.51782,1781.6213,0.63392514,0.7293973,0.71264851
3.5,3549.4939,3820.8621,2409.0754,219.53229,216.53383,718.8075,380.46771,583.46619,1781.1925,0.63411283,0.72933269,0.71247697
3.5416667,3545.8547,3819.9587,2402.1335,219.4198,216.58612,719.22723,380.5802,583.41388,1780.7728,0.63430035,0.72926736,0.71230912
3.5833333,3542.312,3818.9553,2395.5269,219.30746,216.63895,719.63855,380.69254,583.36108,1780.3615,0.63448757,0.72920132,0.71214455
3.625,3538.8606,3817.8638,2389.2207,219.1953,216.69226,720.0423,380.80472,583.30774,1779.9578,0.63467449,0.72913468,0.71198308
3.6666667,3535.4961,3816.6946,2383.186,219.08331,216.74599,720.43884,380.91669,583.25403,1779.5612,0.63486111,0.7290675,0.71182448
3.7083333,3532.2146,3815.4565,2377.3975,218.97154,216.80006,720.82886,381.02847,583.19995,1779.1711,0.63504744,0.72899991,0.71166843
3.75,3529.0117,3814.1584,2371.833,218.85999,216.85446,721.21271,381.14001,583.14557,1778.7874,0.63523334,0.7289319,0.71151495
3.7916667,3525.8833,3812.8071,2366.4739,218.74866,216.90912,721.5907,381.25134,583.09088,1778.4093,0.63541889,0.7288636,0.71136373
3.8333333,3522.8264,3811.4097,2361.303,218.63759,216.964,721.96326,381.3624,583.03601,1778.0367,0.63560402,0.72879499,0.71121472
3.875,3519.8369,3809.9712,2356.3059,218.52679,217.01909,722.33063,381.47321,582.9809,1777.6693,0.63578868,0.72872615,0.71106774
3.9166667,3516.9121,3808.4971,2351.4695,218.41626,217.07433,722.69312,381.58374,582.92566,1777.3069,0.63597292,0.72865707,0.71092278
3.9583333,3514.0486,3806.9922,2346.7822,218.30602,217.1297,723.0509,381.694,582.8703,1776.9491,0.63615662,0.72858787,0.71077961
4,3511.2439,3805.4602,2342.2334,218.19608,217.18518,723.40424,381.80392,582.81482,1776.5958,0.6363399,0.72851855,0.71063828
4.0416665,3508.4951,3803.905,2337.8137,218.08643,217.24075,723.7533,381.91357,582.75928,1776.2467,0.63652259,0.72844905,0.71049869
4.0833335,3505.8,3802.3298,2333.5151,217.97711,217.29639,724.09821,382.02289,582.70361,1775.9019,0.6367048,0.72837955,0.71036071
4.125,3503.1562,3800.7373,2329.3298,217.8681,217.35207,724.43921,382.1319,582.64795,1775.5608,0.63688648,0.72830993,0.71022433
4.1666665,3500.5618,3799.1304,2325.2507,217.75945,217.40778,724.77637,382.24057,582.59222,1775.2236,0.63706762,0.72824025,0.71008945
4.2083335,3498.0142,3797.5115,2321.272,217.65111,217.46352,725.10986,382.34888,582.5365,1774.8901,0.63724816,0.72817057,0.70995605
4.25,3495.512,3795.8823,2317.3877,217.54312,217.51926,725.43976,382.45688,582.48071,1774.5602,0.6374281,0.7281009,0.70982409
4.2916665,3493.053,3794.2451,2313.5925,217.43549,217.575,725.76624,382.56451,582.42499,1774.2338,0.63760751,0.72803128,0.70969349
4.3333335,3490.636,3792.6013,2309.8816,217.3282,217.63072,726.08942,382.67178,582.36926,1773.9106,0.63778633,0.7279616,0.70956427
4.375,3488.2593,3790.9524,2306.251,217.22128,217.68642,726.4093,382.77872,582.3136,1773.5907,0.63796455,0.72789198,0.7094363
4.4166665,3485.9211,3789.3,2302.6963,217.11473,217.74208,726.72601,382.88528,582.25793,1773.274,0.63814211,0.72782242,0.70930958
4.4583335,3483.6204,3787.6453,2299.2136,217.00854,217.7977,727.03967,382.99146,582.20227,1772.9603,0.63831908,0.72775286,0.70918411
4.5,3481.3555,3785.9893,2295.8,216.90273,217.85327,727.35028,383.09729,582.14673,1772.6497,0.63849545,0.72768342,0.70905989
4.5416665,3479.1255,3784.3328,2292.4519,216.79727,217.9088,727.65802,383.20273,582.09119,1772.342,0.63867122,0.72761399,0.70893681
4.5833335,3474.4089,761.54437,2289.1335,216.70549,1070.2474,727.9635,383.29449,2829.7524,1772.0365,0.63882416,0.72557759,0.70881462
4.625,3467.1746,608.18457,2285.7944,216.62692,1075.6495,728.26782,383.37308,2824.3503,1771.7322,0.63895512,0.72419244,0.70869285
4.6666665,3458.0532,502.65994,2282.3867,216.55811,1079.6841,728.5719,383.44189,2820.3159,1771.4281,0.6390698,0.72315794,0.70857126
4.7083335,3447.7034,425.7612,2278.8723,216.49559,1082.892,728.87653,383.50439,2817.1082,1771.1235,0.63917398,0.7223354,0.70844942
4.75,3436.6477,367.02475,2275.2256,216.43671,1085.5702,729.18219,383.56329,2814.4297,1770.8179,0.63927215,0.72164869,0.70832711
4.7916665,3425.2598,320.28387,2271.4321,216.37952,1087.8955,729.48914,383.62048,2812.1045,1770.5109,0.63936746,0.72105247,0.70820433
4.8333335,3415.0989,281.78052,3493.5837,216.3154,1089.9757,261.82932,383.6846,2810.0242,638.17065,0.63947433,0.72051907,0.70907855
4.875,3406.2964,249.15465,3562.9675,216.24547,1091.8792,261.35657,383.75455,2808.1208,638.64343,0.63959092,0.72003096,0.70960385
4.9166665,3398.6511,220.88022,3609.187,216.17105,1093.6499,261.06311,383.82895,2806.3501,638.93689,0.6397149,0.71957695,0.70992988
4.9583335,3391.9128,195.93414,3641.229,216.09306,1095.3174,260.8699,383.90692,2804.6826,639.13007,0.63984489,0.71914941,0.71014452
5,3385.8481,173.6093,3664.2212,216.01263,1096.9023,260.73993,383.98737,2803.0977,639.26007,0.63997895,0.71874297,0.71028894
5.0416665,3380.282,153.40118,3681.2166,215.93062,1098.4192,260.65182,384.0694,2801.5808,639.34814,0.64011562,0.71835405,0.71038687
5.0833335,3375.0881,134.93889,3694.0925,215.84758,1099.8788,260.5925,384.15244,2800.1211,639.40747,0.64025402,0.71797979,0.7104528
5.125,3370.1777,117.94196,3704.0403,215.76395,1101.2893,260.55368,384.23605,2798.7107,639.44635,0.64039344,0.71761817,0.71049595
5.1666665,3365.4888,102.19296,3711.8386,215.67998,1102.6567,260.52988,384.32004,2797.3433,639.47015,0.64053339,0.71726751,0.71052235
5.2083335,3360.9775,87.519554,3718.0127,215.59587,1103.9863,260.51746,384.40411,2796.0137,639.48254,0.64067352,0.71692657,0.71053618
5.25,3356.6133,73.78244,3722.928,215.51176,1105.2821,260.51382,384.48825,2794.718,639.48615,0.64081371,0.71659434,0.71054018
5.2916665,3352.373,60.867256,3726.8455,215.42772,1106.5472,260.51718,384.57227,2793.4529,639.48285,0.64095378,0.71626997,0.71053648
5.3333335,3348.241,48.67878,3729.957,215.34383,1107.7844,260.52615,384.65619,2792.2156,639.47382,0.64109361,0.71595269,0.71052647
5.375,3344.2048,37.136814,3732.4072,215.2601,1108.9961,260.53973,384.7399,2791.0039,639.46027,0.64123315,0.71564204,0.71051139
5.4166665,3340.2554,26.173185,3734.3066,215.17657,1110.1843,260.55716,384.82343,2789.8157,639.44287,0.64137238,0.71533734,0.71049207
5.4583335,3336.3853,15.729445,3735.7429,215.09328,1111.3506,260.57776,384.90674,2788.6494,639.42224,0.6415112,0.7150383,0.71046913
5.5,3332.5891,14.7,3736.7854,215.01022,1109.7216,260.6011,384.98978,2780.5491,639.39893,0.64164966,0.71474439,0.7104432
5.5416665,3331.5547,3280.7498,3737.5244,214.91219,170.01604,260.6265,385.0878,429.98395,639.37354,0.64181304,0.71663994,0.71041501
5.5833335,3333.3215,3424.8567,3738.0549,214.79918,169.32649,260.65326,385.20081,430.67349,639.34674,0.64200139,0.71778917,0.71038526
5.625,3337.217,3521.0654,3738.4622,214.67471,168.88535,260.68082,385.32529,431.11465,639.31921,0.64220881,0.7185244,0.71035463
5.6666665,3342.5334,3588.6633,3738.8157,214.54256,168.58345,260.70865,385.45743,431.41656,639.29138,0.64242905,0.71902758,0.71032375
5.7083335,3348.7058,3638.1536,3739.167,214.40573,168.36856,260.73639,385.59427,431.63144,639.26361,0.6426571,0.71938574,0.71029288
5.75,3355.2827,3675.7502,3739.5518,214.26797,168.21057,260.76382,385.73203,431.78943,639.23621,0.6428867,0.71964902,0.71026242
5.7916665,3362.0308,3705.2605,3739.9929,214.13,168.09122,260.79077,385.87,431.90878,639.20923,0.64311665,0.71984798,0.7102325
5.8333335,3368.7703,3729.0874,3740.5032,213.99265,167.99895,260.81714,386.00735,432.00107,639.18286,0.64334559,0.72000176,0.71020317
5.875,3375.3875,3748.7932,3741.0879,213.85648,167.92632,260.8429,386.14352,432.0737,639.1571,0.64357251,0.72012281,0.71017456
5.9166665,3381.8113,3765.4224,3741.7473,213.72183,167.86832,260.86807,386.27817,432.13168,639.1319,0.64379692,0.72021949,0.71014661
5.9583335,3709.2729,3779.8525,3742.6377,142.35794,167.82077,260.89148,257.64206,432.17923,639.10852,0.64410514,0.72029871,0.71012056
6,3724.4558,3792.594,3743.7559,142.26485,167.78125,260.91318,257.73514,432.21875,639.08685,0.64433789,0.72036457,0.71009648
6.0416665,3736.3125,3803.9741,3745.0547,142.18178,167.74818,260.93353,257.81821,432.2518,639.06647,0.64454556,0.7204197,0.71007383
6.0833335,3746.1052,3814.2231,3746.4841,142.10559,167.7205,260.95291,257.89441,432.27951,639.04712,0.64473605,0.72046584,0.71005231
6.125,3754.5044,3823.5137,3748.002,142.03415,167.69736,260.97162,257.96585,432.30264,639.02838,0.64491463,0.7205044,0.71003157
6.1666665,3761.9087,3831.9814,3749.5762,141.96614,167.6781,260.98984,258.03387,432.3219,639.01013,0.64508468,0.72053647,0.7100113
6.2083335,3768.5659,3839.7354,3751.1826,141.90076,167.66223,261.00781,258.09924,432.33777,638.99219,0.64524812,0.72056293,0.70999134
6.25,3774.6375,3846.865,3752.804,141.83746,167.64931,261.0256,258.16254,432.35068,638.97437,0.64540637,0.72058451,0.70997155
6.2916665,3780.2327,3853.4451,3754.4268,141.77589,167.63898,261.04337,258.22409,432.36102,638.95667,0.64556026,0.72060168,0.70995182
6.3333335,3785.4277,3859.5381,3756.0413,141.71581,167.63094,261.0611,258.28421,432.36905,638.9389,0.64571047,0.72061509,0.70993215
6.375,3790.2795,3865.1973,3757.6401,141.657,167.62495,261.07889,258.34302,432.37506,638.92114,0.64585751,0.7206251,0.70991236
6.4166665,3794.8306,3870.4685,3759.218,141.59932,167.62077,261.09674,258.40067,432.37921,638.90326,0.6460017,0.72063202,0.70989251
6.4583335,3799.1143,3875.3904,3760.7705,141.54268,167.61824,261.11475,258.45731,432.38177,638.88525,0.64614332,0.72063625,0.70987248
6.5,3803.1582,3879.9971,3762.2949,141.48697,167.61717,261.13287,258.51303,432.38281,638.86713,0.64628255,0.72063804,0.70985234
6.5416665,3806.9846,3884.3181,3763.7888,141.43213,167.61745,261.15118,258.56787,432.38254,638.84882,0.6464197,0.72063756,0.70983201
6.5833335,3810.6125,3888.3789,3765.2502,141.37807,167.61894,261.16965,258.62192,432.38107,638.83038,0.64655483,0.72063512,0.70981151
6.625,3814.0583,3892.2026,3766.6785,141.32475,167.62154,261.18829,258.67523,432.37848,638.81171,0.6466881,0.72063076,0.70979083
6.6666665,3817.3359,3895.8093,3768.0725,141.27213,167.62514,261.20709,258.72787,432.37488,638.79291,0.64681971,0.7206248,0.7097699
6.7083335,3820.4583,3899.2163,3769.4321,141.22015,167.62965,261.2261,258.77985,432.37033,638.77393,0.64694965,0.72061723,0.7097488
6.75,3823.4358,3902.4395,3770.7568,141.16878,167.63503,261.2453,258.83121,432.36496,638.7547,0.64707804,0.72060829,0.70972747
6.7916665,3826.2791,3905.4932,3772.0471,141.11798,167.64119,261.26465,258.88202,432.35883,638.73535,0.64720505,0.72059804,0.70970595
6.8333335,3828.9963,3908.3901,3773.3027,141.06773,167.64806,261.28421,258.93225,432.35193,638.71576,0.64733064,0.72058654,0.70968419
6.875,3831.5962,3911.1414,3774.5239,141.01801,167.65561,261.30396,258.98199,432.34439,638.69604,0.64745498,0.72057396,0.70966226
6.9166665,3834.0857,3913.7573,3775.7114,140.96878,167.66377,261.32388,259.03122,432.33624,638.67615,0.64757806,0.72056037,0.70964015
6.9583335,3836.4714,3916.2473,3776.8657,140.92,167.6725,261.34396,259.07999,432.32748,638.65607,0.64770001,0.72054583,0.70961779
7,3838.7595,3918.6196,3777.9873,140.87169,167.68178,261.36423,259.12833,432.31821,638.6358,0.64782077,0.72053039,0.70959532
7.0416665,3840.9558,3920.8823,3779.0767,140.82379,167.69154,261.38464,259.17621,432.30844,638.61536,0.64794052,0.72051406,0.70957261
7.0833335,3843.0652,3923.0417,3780.1345,140.77632,167.70178,261.40524,259.22369,432.29822,638.59479,0.64805919,0.72049701,0.70954973
7.125,3845.0928,3925.105,3781.1616,140.72923,167.71245,261.42599,259.27078,432.28754,638.57404,0.64817691,0.72047925,0.70952666
7.1666665,3847.0425,3927.0774,3782.1587,140.68253,167.72353,261.44687,259.31747,432.27646,638.5531,0.64829367,0.72046077,0.70950347
7.2083335,3848.9185,3928.9644,3783.1265,140.63618,167.73499,261.46793,259.36383,432.26501,638.5321,0.64840955,0.7204417,0.70948011
7.25,3850.7249,3930.771,3784.0654,140.59019,167.7468,261.48911,259.40982,432.2532,638.51086,0.64852452,0.72042203,0.70945656
7.2916665,3852.4648,3932.5017,3784.9766,140.54454,167.75894,261.51044,259.45547,432.24106,638.48956,0.64863867,0.72040176,0.70943284
7.3333335,3854.1418,3934.1609,3785.8604,140.49922,167.77141,261.53189,259.50079,432.22858,638.46814,0.64875197,0.72038096,0.709409
7.375,3855.759,3935.7524,3786.7175,140.45421,167.78418,261.55347,259.54578,432.21582,638.44653,0.64886451,0.72035968,0.70938504
7.4166665,3857.3188,3937.2798,3787.5491,140.40952,167.79723,261.57516,259.59048,432.20279,638.4248,0.64897621,0.72033799,0.7093609
7.4583335,3858.8245,3938.7461,3788.3555,140.36511,167.81053,261.59698,259.63489,432.18945,638.40302,0.64908725,0.72031575,0.7093367
7.5,3860.2781,3940.155,3789.1375,140.321,167.8241,261.61893,259.67902,432.1759,638.3811,0.64919752,0.72029316,0.70931232
7.5416665,3861.6821,3941.509,3789.8958,140.27716,167.83789,261.64096,259.72284,432.16211,638.35907,0.64930713,0.72027022,0.70928782
7.5833335,3863.0391,3942.8108,3790.6309,140.2336,167.8519,261.66309,259.76642,432.1481,638.33691,0.64941603,0.72024685,0.70926321
7.625,3864.3503,3944.0632,3791.3435,140.19029,167.86613,261.68533,259.80969,432.13388,638.31464,0.64952427,0.72022313,0.70923853
7.6666665,3865.6187,3945.2683,3792.0344,140.14726,167.88057,261.70767,259.85275,432.11945,638.29236,0.64963186,0.72019905,0.70921373
7.7083335,3866.8452,3946.4282,3792.7041,140.10446,167.89519,261.7301,259.89554,432.10483,638.2699,0.64973885,0.72017467,0.70918882
7.75,3868.0322,3947.5454,3793.353,140.06192,167.90997,261.75259,259.93808,432.09003,638.24738,0.64984518,0.72015005,0.70916378
7.7916665,3869.1809,3948.6213,3793.9822,140.01962,167.92496,261.77518,259.98038,432.07504,638.22479,0.64995098,0.72012508,0.70913869
7.8333335,3870.2932,3949.6582,3794.5916,139.97754,167.94008,261.79785,260.02246,432.05991,638.20215,0.65005612,0.72009987,0.70911348
7.875,3871.3704,3950.6577,3795.1821,139.9357,167.95537,261.82059,260.0643,432.04465,638.17938,0.65016073,0.72007442,0.70908827
7.9166665,3869.7571,3951.5874,1266.8848,139.90312,167.97096,1230.2798,260.09689,432.02902,2969.7202,0.65024221,0.72004837,0.70707625
7.9583335,3865.416,3952.4004,1109.2446,139.87953,167.98709,1235.9419,260.12048,432.01291,2964.0581,0.65030116,0.72002149,0.70572811
8,3858.9199,3953.0505,1001.1606,139.86473,168.00398,1239.9615,260.13528,431.996,2960.0386,0.65033817,0.71999335,0.7047711
8.041667,3851.0447,3953.502,923.27588,139.85548,168.0218,1242.9873,260.14453,431.97821,2957.0127,0.6503613,0.71996367,0.70405066
8.083333,3842.355,3953.7317,864.59424,139.84979,168.04065,1245.3767,260.15021,431.95935,2954.6233,0.65037549,0.71993226,0.70348173
8.125,3833.2554,3953.7283,818.58954,139.84622,168.06059,1247.3422,260.15378,431.93939,2952.658,0.65038443,0.719899,0.70301378
8.166667,3824.0193,3953.4902,781.26239,139.84377,168.08163,1249.0146,260.15625,431.91837,2950.9854,0.65039063,0.71986395,0.70261556
8.208333,3814.8254,3953.0234,750.08618,139.84172,168.10374,1250.4773,260.15826,431.89627,2949.5227,0.65039569,0.71982712,0.70226729
8.25,3805.7869,3952.3391,723.41583,139.83968,168.12686,1251.7845,260.16034,431.87314,2948.2156,0.65040082,0.71978855,0.70195603
8.291667,3796.9717,3951.4517,700.14807,139.83733,168.15092,1252.9729,260.16269,431.84909,2947.0271,0.65040672,0.7197485,0.70167309
8.333333,3788.4192,3950.3772,679.52112,139.83449,168.17584,1254.0677,260.1655,431.82416,2945.9324,0.65041375,0.71970695,0.70141244
8.375,3780.1487,3949.1335,660.99432,139.83109,168.20155,1255.087,260.16891,431.79846,2944.9131,0.65042228,0.7196641,0.70116979
8.416667,3772.1672,3947.738,644.17377,139.82704,168.22795,1256.0439,260.17297,431.77203,2943.9561,0.65043241,0.71962005,0.70094192
8.458333,3764.4729,3946.2073,628.76538,139.82234,168.25497,1256.9484,260.17767,431.74503,2943.0518,0.65044415,0.71957505,0.70072657
8.5,3757.0593,3944.5576,614.54456,139.81697,168.28255,1257.8077,260.18301,431.71747,2942.1921,0.65045756,0.71952909,0.70052195
8.541667,3749.9165,3942.8042,601.33655,139.81096,168.31058,1258.6282,260.18903,431.68942,2941.3718,0.65047258,0.71948236,0.70032662
8.583333,3743.0332,3940.9604,589.00256,139.80432,168.339,1259.4142,260.19568,431.66098,2940.5857,0.65048915,0.71943498,0.70013946
8.625,3736.3967,3939.0393,577.43079,139.79709,168.36778,1260.1697,260.20291,431.6322,2939.8303,0.65050727,0.71938699,0.69995958
8.666667,3729.9941,3937.0518,566.52972,139.78929,168.39685,1260.8977,260.21072,431.60315,2939.1023,0.65052676,0.7193386,0.69978625
8.708333,3723.813,3935.0105,556.22351,139.78094,168.42616,1261.601,260.21906,431.57385,2938.3989,0.65054762,0.71928972,0.69961882
8.75,3717.8411,3932.9226,546.44867,139.77209,168.45566,1262.2815,260.22791,431.54434,2937.7185,0.6505698,0.71924055,0.69945681
8.791667,3712.0659,3930.7988,537.15143,139.76276,168.48526,1262.9413,260.23724,431.51474,2937.0588,0.6505931,0.71919125,0.69929969
8.833333,3706.4771,3928.6445,528.28571,139.75299,168.51492,1263.5818,260.24701,431.48508,2936.4182,0.65061754,0.71914178,0.69914716
8.875,3701.0635,3926.4663,519.81201,139.7428,168.5446,1264.2046,260.2572,431.45541,2935.7954,0.65064299,0.71909231,0.69899893
8.916667,3695.8157,3924.2688,511.69592,139.73221,168.5743,1264.8108,260.26779,431.42572,2935.1892,0.65066946,0.71904284,0.69885457
8.958333,3690.7244,3922.0562,503.90747,139.72127,168.60397,1265.4014,260.27875,431.39603,2934.5986,0.65069681,0.71899337,0.69871396
9,3685.781,3919.8328,496.42023,139.70998,168.63364,1265.9774,260.29004,431.36636,2934.0225,0.65072507,0.71894395,0.69857681
9.041667,3680.9778,3917.6023,489.21097,139.69836,168.66324,1266.5398,260.30164,431.33676,2933.4602,0.65075409,0.7188946,0.69844294
9.083333,3676.3071,3915.3674,482.25897,139.68645,168.69279,1267.089,260.31354,431.30719,2932.9109,0.6507839,0.71884531,0.69831216
9.125,3671.762,3913.1313,475.54578,139.67426,168.72229,1267.626,260.32574,431.27771,2932.374,0.65081435,0.71879619,0.69818431
9.166667,3667.3359,3910.8965,469.0549,139.6618,168.75171,1268.1512,260.3382,431.24829,2931.8489,0.65084553,0.71874714,0.69805926
9.208333,3663.0232,3908.6648,462.77148,139.64909,168.78105,1268.6653,260.35089,431.21896,2931.3347,0.65087724,0.71869826,0.69793683
9.25,3658.8179,3906.4382,456.6821,139.63617,168.81029,1269.1687,260.36383,431.1897,2930.8313,0.6509096,0.71864951,0.69781697
9.291667,3654.7146,3904.2185,450.77457,139.62302,168.83943,1269.6619,260.37698,431.16055,2930.3381,0.65094244,0.71860093,0.69769955
9.333333,3650.7087,3902.0068,445.0379,139.60968,168.86847,1270.1453,260.39032,431.13153,2929.8547,0.65097582,0.71855253,0.69758445
9.375,3646.7954,3899.8044,439.46204,139.59615,168.89742,1270.6193,260.40387,431.1026,2929.3809,0.65100962,0.71850431,0.69747162
9.416667,3642.9707,3897.6123,434.03778,139.58243,168.92624,1271.0842,260.41757,431.07376,2928.9158,0.65104389,0.71845627,0.69736093
9.458333,3639.2302,3895.4314,428.75671,139.56856,168.95496,1271.5404,260.43143,431.04504,2928.4595,0.65107858,0.71840841,0.69725227
9.5,3635.5703,3893.2625,423.61111,139.55453,168.98355,1271.9883,260.44547,431.01645,2928.0117,0.65111369,0.71836072,0.69714564
9.541667,3950.2373,3891.2622,418.76694,69.752037,169.01132,1272.4221,130.24797,430.98868,2927.5779,0.65123981,0.71831447,0.69704235
9.583333,3956.0212,3889.4343,414.22037,69.742043,169.03828,1272.842,130.25797,430.96173,2927.158,0.65128976,0.71826953,0.69694239
9.625,3958.8347,3887.7407,409.92224,69.735672,169.06461,1273.2498,130.26433,430.93539,2926.7502,0.65132165,0.71822566,0.69684529
9.666667,3959.9316,3886.1414,405.82147,69.731972,169.09048,1273.6472,130.26804,430.90952,2926.3528,0.65134013,0.71818256,0.69675064
9.708333,3959.9697,3884.6035,401.87656,69.729973,169.11606,1274.0359,130.27002,430.88394,2925.9641,0.65135014,0.71813989,0.69665813
9.75,3959.3325,3883.1038,398.0567,69.72908,169.14145,1274.4166,130.27092,430.85855,2925.5833,0.65135461,0.71809757,0.69656748
9.791667,3958.2527,3881.6267,394.33978,69.728912,169.16672,1274.7905,130.27109,430.83328,2925.2095,0.65135545,0.71805549,0.69647843
9.833333,3956.8755,3880.1614,390.70999,69.72924,169.19189,1275.158,130.27077,430.80811,2924.842,0.65135378,0.71801353,0.69639093
9.875,3955.2942,3878.7014,387.15616,69.729912,169.21704,1275.5195,130.2701,430.78296,2924.4805,0.65135044,0.71797162,0.69630486
9.916667,3953.5708,3877.2424,383.67017,69.73082,169.24216,1275.8754,130.26918,430.75784,2924.1245,0.65134591,0.71792972,0.69622016
9.958333,3951.7476,3875.782,380.24603,69.731911,169.26724,1276.2258,130.2681,430.73276,2923.7742,0.65134043,0.71788794,0.69613671
10,3949.8533,3874.3191,376.87924,69.733124,169.29231,1276.5712,130.26688,430.7077,2923.429,0.6513344,0.71784616,0.69605452
10.041667,3947.9089,3872.8528,373.56631,69.734428,169.31737,1276.9114,130.26556,430.68265,2923.0886,0.65132785,0.71780437,0.69597346
10.083333,3945.9297,3871.3835,370.30457,69.735809,169.34239,1277.2467,130.26419,430.65759,2922.7534,0.65132099,0.71776265,0.69589365
10.125,3943.927,3869.9114,367.09167,69.737228,169.36742,1277.5773,130.26277,430.6326,2922.4229,0.65131384,0.71772099,0.69581497
10.166667,3941.9089,3868.4368,363.92581,69.738693,169.3924,1277.9031,130.26131,430.6076,2922.0969,0.65130657,0.71767932,0.69573736
10.208333,3939.8826,3866.9602,360.8053,69.740173,169.41737,1278.2244,130.25983,430.58264,2921.7756,0.65129912,0.71763772,0.69566089
10.25,3937.8525,3865.4827,357.7287,69.741669,169.44231,1278.541,130.25833,430.55771,2921.459,0.65129167,0.71759617,0.69558549
10.291667,3935.8228,3864.0044,354.69476,69.743179,169.46721,1278.8534,130.25682,430.53281,2921.1467,0.6512841,0.71755463,0.6955111
10.333333,3933.7966,3862.5261,351.70224,69.74469,169.49207,1279.1613,130.25531,430.50793,2920.8386,0.65127653,0.7175132,0.69543779
10.375,3931.7764,3861.0488,348.75003,69.746201,169.51691,1279.465,130.2538,430.48309,2920.5349,0.65126902,0.71747184,0.69536549
10.416667,3929.7639,3859.5725,345.8371,69.747704,169.54169,1279.7644,130.25229,430.45831,2920.2356,0.65126145,0.71743053,0.6952942
10.458333,3927.7607,3858.0979,342.96249,69.749199,169.56644,1280.0598,130.25079,430.43356,2919.9402,0.651254,0.71738929,0.69522387
10.5,3925.7683,3856.6257,340.12518,69.750694,169.59113,1280.3511,130.24931,430.40887,2919.6489,0.65124655,0.7173481,0.69515449
10.541667,3923.7876,3855.1563,337.32434,69.752167,169.61577,1280.6383,130.24783,430.38422,2919.3616,0.65123916,0.71730703,0.69508612
10.583333,3921.1951,3064.2761,334.55045,69.754738,396.56012,1280.922,130.24527,1003.4399,2919.0781,0.65122634,0.71674275,0.69501859
10.625,3917.9626,3025.5164,331.79007,69.758331,397.10049,1281.2025,130.24167,1002.8995,2918.7976,0.65120834,0.71635675,0.69495177
10.666667,3914.2515,2998.5874,329.03018,69.762657,397.50537,1281.4803,130.23734,1002.4946,2918.5198,0.6511867,0.71606755,0.69488567
10.708333,3910.2307,2978.7476,326.26038,69.767441,397.83066,1281.7559,130.23256,1002.1693,2918.2441,0.6511628,0.71583521,0.69482005
10.75,3906.0342,2963.4111,323.47357,69.772469,398.10535,1282.0295,130.22754,1001.8947,2917.9705,0.65113765,0.71563905,0.6947549
10.791667,3901.7576,2951.0515,320.66571,69.777573,398.34647,1282.3013,130.22243,1001.6536,2917.6987,0.65111214,0.7154668,0.69469017
10.833333,3897.4666,2940.7327,317.83527,69.782661,398.56442,1282.5714,130.21733,1001.4356,2917.4287,0.65108669,0.71531111,0.69462585
10.875,3893.2039,2931.8625,314.98273,69.787674,398.76584,1282.8397,130.21233,1001.2341,2917.1602,0.65106165,0.71516728,0.69456196
10.916667,3888.9966,2924.0559,312.10992,69.792564,398.95505,1283.1064,130.20744,1001.045,2916.8936,0.65103722,0.7150321,0.69449848
10.958333,3884.8611,2917.0537,309.21964,69.797302,399.13492,1283.3712,130.2027,1000.8651,2916.6289,0.65101349,0.71490365,0.69443542
11,3880.8069,2910.6777,306.31516,69.801888,399.30746,1283.6342,130.1981,1000.6926,2916.366,0.65099055,0.71478039,0.69437283
11.041667,3876.8389,2904.801,303.40012,69.806313,399.47409,1283.895,130.19368,1000.5259,2916.105,0.65096843,0.71466136,0.69431072
11.083333,3872.9585,2899.3315,300.47815,69.810577,399.63586,1284.1539,130.18942,1000.3641,2915.8462,0.65094709,0.71454585,0.69424909
11.125,3869.1655,2894.2,297.55286,69.814682,399.79352,1284.4105,130.18532,1000.2065,2915.5894,0.65092659,0.71443319,0.694188
11.166667,3865.458,2889.354,294.62766,69.818634,399.94766,1284.6649,130.18137,1000.0523,2915.3352,0.65090686,0.7143231,0.69412738
11.208333,3861.8335,2884.7524,291.70563,69.822433,400.09875,1284.9169,130.17757,999.90125,2915.083,0.65088785,0.71421516,0.69406742
11.25,3858.2893,2880.3633,288.78964,69.826088,400.24716,1285.1665,130.1739,999.75281,2914.8335,0.65086955,0.71410918,0.69400799
11.291667,3854.822,2876.1599,285.88232,69.829613,400.39319,1285.4136,130.17038,999.60681,2914.5864,0.65085191,0.71400487,0.69394916
11.333333,3851.4285,2872.1211,282.9859,69.833008,400.53705,1285.6582,130.16699,999.46295,2914.3418,0.65083498,0.71390212,0.69389093
11.375,3848.1052,2868.229,280.10239,69.836281,400.67896,1285.9001,130.16371,999.32104,2914.0999,0.65081859,0.71380073,0.69383329
11.416667,3844.8494,2864.4687,277.23355,69.839439,400.81906,1286.1395,130.16057,999.18091,2913.8606,0.65080279,0.71370065,0.69377631
11.458333,3841.6575,2860.8276,274.38086,69.842484,400.95755,1286.3762,130.15752,999.04248,2913.6238,0.65078759,0.71360177,0.69371998
11.5,3838.5271,2857.2952,271.54559,69.845421,401.09448,1286.6102,130.15459,998.90552,2913.3896,0.65077287,0.71350396,0.69366425
11.541667,3835.4551,2853.8618,268.72882,69.848259,401.23004,1286.8417,130.15173,998.76996,2913.1584,0.65075868,0.7134071,0.69360912
11.583333,3832.439,2850.5195,265.93149,69.851006,401.36423,1287.0703,130.149,998.63574,2912.9297,0.65074497,0.71331125,0.6935547
11.625,3829.4763,2847.2612,263.1543,69.853661,401.49719,1287.2964,130.14635,998.50281,2912.7036,0.65073168,0.7132163,0.69350088
11.666667,3826.5647,2844.0811,260.39786,69.856224,401.62897,1287.5197,130.14377,998.37103,2912.4802,0.65071887,0.71312219,0.69344771
11.708333,3823.7019,2840.9731,257.66263,69.858711,401.75961,1287.7404,130.14128,998.24036,2912.2595,0.65070641,0.71302885,0.69339514
11.75,3820.886,2837.9326,254.94899,69.861122,401.88922,1287.9584,130.13889,998.11078,2912.0415,0.65069437,0.71293628,0.69334322
11.791667,3818.115,2834.9551,252.25723,69.863457,402.01779,1288.1738,130.13655,997.98218,2911.8262,0.65068275,0.71284443,0.69329196
11.833333,3815.3872,2832.0371,249.58754,69.865715,402.14542,1288.3866,130.13429,997.85461,2911.6133,0.65067142,0.7127533,0.6932413
11.875,3812.7007,2829.1746,246.94002,69.867905,402.27209,1288.5968,130.1321,997.72791,2911.4033,0.65066046,0.71266282,0.69319123
11.916667,3810.054,2826.3647,244.31476,69.870033,402.39789,1288.8043,130.12996,997.60211,2911.1956,0.65064985,0.71257293,0.69314182
11.958333,3807.4453,2823.6042,241.71173,69.872101,402.52283,1289.0094,130.1279,997.47717,2910.9907,0.65063947,0.7124837,0.693093
12,3804.8738,2820.8909,239.13094,69.874107,402.64691,1289.2119,130.1259,997.35309,2910.7881,0.65062946,0.71239507,0.69304478
12.041667,3802.3376,2818.2222,236.57225,69.876053,402.7702,1289.4119,130.12395,997.2298,2910.5881,0.65061975,0.71230698,0.69299716
12.083333,3799.8359,2815.5957,234.0356,69.877945,402.89273,1289.6094,130.12206,997.1073,2910.3906,0.65061027,0.71221948,0.69295013
12.125,3797.3674,2813.0095,231.52083,69.879776,403.0145,1289.8044,130.12022,996.98553,2910.1956,0.65060109,0.71213251,0.6929037
12.166667,3794.9307,2810.4619,229.02777,69.881561,403.13553,1289.9971,130.11844,996.8645,2910.0029,0.65059215,0.71204603,0.69285786
12.208333,3792.5249,2807.9509,226.55624,69.883301,403.25583,1290.1873,130.1167,996.74414,2909.8127,0.65058351,0.71196014,0.69281256
12.25,3790.1492,2805.4751,224.10605,69.884987,403.37546,1290.3751,130.11501,996.62451,2909.6248,0.65057504,0.71187466,0.6927678
12.291667,3787.8022,2803.033,221.67697,69.886627,403.49442,1290.5607,130.11337,996.50562,2909.4392,0.65056688,0.71178973,0.69272363
12.333333,3785.4834,2800.6233,219.26877,69.888229,403.61267,1290.7439,130.11177,996.38733,2909.2561,0.65055889,0.71170521,0.69268006
12.375,3783.1917,2798.2444,216.88123,69.889786,403.73032,1290.9248,130.11021,996.26971,2909.0752,0.65055108,0.71162122,0.69263697
12.416667,3780.9265,2795.8955,214.51408,69.891296,403.84732,1291.1034,130.1087,996.15271,2908.8965,0.65054351,0.71153766,0.69259441
12.458333,3778.687,2793.5754,212.1671,69.892769,403.96368,1291.2799,130.10724,996.03632,2908.7202,0.65053618,0.71145451,0.69255239
12.5,3776.4722,2791.2827,209.84001,69.894203,404.07944,1291.4541,130.1058,995.92053,2908.5459,0.65052897,0.71137184,0.6925109
12.541667,3774.2817,2789.0168,207.53256,69.895599,404.19461,1291.6262,130.1044,995.80536,2908.3738,0.65052199,0.71128958,0.69246995
12.583333,3772.1147,2786.7769,205.24449,69.896957,404.3092,1291.7961,130.10304,995.6908,2908.2039,0.6505152,0.71120769,0.69242948
12.625,3769.9707,2784.5618,202.97554,69.898277,404.42319,1291.9639,130.10172,995.57678,2908.0361,0.65050858,0.71112627,0.69238955
12.666667,3767.8489,2782.3706,200.72545,69.899567,404.53665,1292.1296,130.10043,995.46338,2907.8704,0.65050215,0.71104527,0.69235009
12.708333,3765.7488,2780.2029,198.49394,69.900826,404.64951,1292.2933,130.09918,995.35046,2907.7068,0.65049589,0.71096462,0.69231111
12.75,3763.6697,2778.0576,196.28078,69.902046,404.76184,1292.455,130.09795,995.23816,2907.5452,0.65048975,0.71088439,0.69227266
12.791667,3761.6113,2775.9346,194.08569,69.903236,404.87363,1292.6145,130.09676,995.1264,2907.3855,0.65048379,0.71080458,0.69223464
12.833333,3759.573,2773.8325,191.90842,69.904404,404.98486,1292.7722,130.0956,995.01514,2907.2278,0.65047801,0.71072507,0.69219708
12.875,3757.5542,2771.7512,189.74872,69.905533,405.09561,1292.9279,130.09447,994.90442,2907.072,0.65047234,0.71064597,0.69216001
12.916667,3755.5544,2769.6899,187.60631,69.906631,405.20581,1293.0817,130.09337,994.79419,2906.9185,0.6504668,0.7105673,0.69212341
12.958333,3753.5735,2767.6482,185.48097,69.907707,405.31549,1293.2335,130.09229,994.68451,2906.7664,0.65046144,0.71048892,0.69208723
13,3751.6108,2765.6252,183.37245,69.908752,405.42468,1293.3835,130.09125,994.57532,2906.6165,0.65045625,0.71041095,0.69205153
13.041667,3749.666,2763.6211,181.28049,69.909775,405.53336,1293.5317,130.09023,994.46661,2906.4683,0.65045112,0.71033329,0.69201624
13.083333,3747.7385,2761.6345,179.20485,69.910767,405.64154,1293.6781,130.08923,994.35846,2906.322,0.65044618,0.71025604,0.69198143
13.125,3745.8281,2759.6658,177.14531,69.911736,405.74927,1293.8226,130.08826,994.25073,2906.1775,0.65044129,0.71017909,0.69194698
13.166667,3743.9343,2757.7141,175.10162,69.912682,405.85648,1293.9653,130.08731,994.14355,2906.0347,0.65043658,0.7101025,0.69191301
13.208333,3742.0566,2755.7791,173.07358,69.913605,405.96323,1294.1063,130.0864,994.0368,2905.8936,0.65043199,0.71002626,0.69187945
13.25,3740.1953,2753.8604,171.06091,69.914497,406.06949,1294.2457,130.08549,993.93054,2905.7544,0.65042752,0.70995039,0.69184625
13.291667,3738.3494,2751.9575,169.06343,69.915375,406.17526,1294.3833,130.08463,993.82471,2905.6167,0.65042317,0.70987481,0.69181353
13.333333,3736.5188,2750.0701,167.08092,69.916222,406.28061,1294.5192,130.08377,993.71942,2905.4807,0.65041888,0.70979959,0.69178116
13.375,3734.7031,2748.198,165.11314,69.917053,406.38547,1294.6534,130.08295,993.6145,2905.3467,0.65041476,0.70972466,0.69174916
13.416667,3732.9021,2746.3406,163.1599,69.917862,406.4899,1294.786,130.08214,993.51013,2905.2139,0.65041071,0.7096501,0.69171762
13.458333,3731.1155,2744.4978,161.22098,69.918648,406.59387,1294.9171,130.08136,993.40613,2905.083,0.65040678,0.70957583,0.69168639
13.5,3729.343,2742.6692,159.29617,69.919411,406.69739,1295.0465,130.08058,993.30261,2904.9536,0.6504029,0.70950186,0.69165558
13.541667,3727.5845,2740.8545,157.3853,69.920158,406.80048,1295.1743,130.07983,993.19952,2904.8257,0.65039921,0.70942825,0.69162518
13.583333,3728.6553,2739.0894,2916.2937,69.915382,406.90268,214.30353,130.08461,993.09729,485.69647,0.65042305,0.70935524,0.69385213
13.625,3732.6077,2737.4255,3075.0869,69.905205,407.00345,213.34087,130.09479,992.99658,486.65912,0.65047395,0.70928323,0.69522732
13.666667,3738.7444,2735.9126,3183.675,69.890846,407.10217,212.71626,130.10915,992.89783,487.28372,0.65054578,0.70921272,0.69611961
13.708333,3746.3257,2734.5903,3261.5044,69.873604,407.19843,212.27191,130.12639,992.80157,487.72809,0.65063196,0.709144,0.6967544
13.75,3754.7598,2733.4844,3319.7043,69.854523,407.2919,211.94026,130.14548,992.70807,488.05972,0.65072739,0.70907718,0.69722819
13.791667,3763.6208,2732.6089,3364.9197,69.834358,407.38245,211.68306,130.16563,992.61755,488.31696,0.65082818,0.70901251,0.69759566
13.833333,3772.6199,2731.9666,3401.2397,69.813652,407.47003,211.47691,130.18634,992.52997,488.52307,0.65093172,0.70894998,0.6978901
13.875,3781.5669,2731.553,3431.2559,69.792763,407.55469,211.30705,130.20724,992.44531,488.69293,0.6510362,0.70888948,0.69813275
13.916667,3790.3418,2731.3574,3456.6582,69.771919,407.63654,211.1638,130.22807,992.36346,488.83618,0.65114039,0.70883101,0.69833744
13.958333,3798.8711,2731.3662,3478.5811,69.751282,407.71579,211.04068,130.24872,992.28424,488.95932,0.65124357,0.70877445,0.69851333
14,3807.1128,2731.5623,3497.8079,69.730949,407.79257,210.93318,130.26904,992.2074,489.06683,0.65134525,0.70871961,0.69866687
14.041667,3815.0461,2731.9285,3514.8945,69.710983,407.86716,210.8381,130.28902,992.13287,489.1619,0.65144509,0.70866632,0.69880271
14.083333,3822.6633,2732.4465,3530.2451,69.691399,407.9397,210.75313,130.30859,992.0603,489.24689,0.65154296,0.70861453,0.69892412
14.125,3829.9663,2733.0996,3544.1619,69.672226,408.01041,210.6765,130.32777,991.98962,489.32352,0.65163887,0.70856398,0.69903356
14.166667,3836.9619,2733.8706,3556.8748,69.653465,408.07947,210.60689,130.34654,991.92053,489.3931,0.65173268,0.70851469,0.69913304
14.208333,3843.6609,2734.7444,3568.5625,69.635101,408.14709,210.54327,130.3649,991.85291,489.45673,0.65182447,0.70846635,0.69922388
14.25,3850.0757,2735.7065,3579.3669,69.617134,408.21344,210.48482,130.38287,991.78656,489.5152,0.65191436,0.70841897,0.69930738
14.291667,3856.2197,2736.7441,3589.4023,69.599541,408.27863,210.43085,130.40047,991.72137,489.56915,0.65200227,0.70837241,0.69938451
14.333333,3862.0984,2737.8452,3598.7629,69.582405,408.34283,210.38084,130.41759,991.65717,489.61917,0.65208793,0.70832658,0.69945592
14.375,3867.7327,2738.9993,3607.5256,69.565681,408.40613,210.33432,130.43431,991.59387,489.66568,0.65217155,0.70828134,0.69952238
14.416667,3873.1365,2740.1965,3615.7554,69.549339,408.46869,210.29094,130.45065,991.53131,489.70908,0.65225327,0.70823663,0.69958436
14.458333,3878.323,2741.4292,3623.5063,69.533356,408.53055,210.25035,130.46664,991.46942,489.74966,0.6523332,0.70819247,0.69964236
14.5,3883.3049,2742.6897,3630.8254,69.517708,408.59186,210.21228,130.48228,991.40814,489.78772,0.65241146,0.70814866,0.69969672
14.541667,3888.0938,2743.9714,3637.7529,69.502388,408.65262,210.17653,130.49762,991.34735,489.82349,0.65248805,0.70810527,0.6997478
14.583333,3890.6292,2745.2424,1624.048,69.491013,408.71326,995.88489,130.50899,991.28674,2304.1152,0.65254492,0.70806193,0.69821668
14.625,3890.8296,2746.4585,1507.2224,69.483978,408.77429,999.1405,130.51602,991.22571,2300.8596,0.65258008,0.70801836,0.69723016
14.666667,3889.2502,2747.5779,1428.7218,69.480278,408.83618,1001.3409,130.51971,991.16382,2298.6589,0.65259862,0.7079742,0.69656336
14.708333,3886.4563,2748.5671,1373.53,69.478935,408.89929,1002.9122,130.52106,991.10071,2297.0879,0.6526053,0.70792907,0.69608724
14.75,3882.8979,2749.4033,1333.1061,69.479164,408.96396,1004.0838,130.52084,991.03601,2295.9163,0.65260422,0.70788288,0.69573218
14.791667,3878.8992,2750.074,1302.3765,69.480377,409.03027,1004.9918,130.51962,990.96973,2295.0081,0.65259808,0.7078355,0.69545704
14.833333,3874.6812,2750.5735,1278.2307,69.482185,409.09833,1005.7201,130.51781,990.90167,2294.28,0.65258908,0.70778692,0.69523633
14.875,3870.3904,2750.9041,1258.7057,69.484314,409.16809,1006.3216,130.51569,990.83191,2293.6785,0.65257847,0.70773709,0.69505405
14.916667,3866.1213,2751.071,1242.5251,69.486565,409.23947,1006.8309,130.51343,990.76056,2293.1692,0.65256715,0.70768607,0.69489974
14.958333,3861.9333,2751.084,1228.8361,69.488838,409.31238,1007.2714,130.51117,990.68762,2292.7288,0.65255582,0.70763403,0.69476628
15,3857.8621,2750.9536,1217.0515,69.491035,409.38672,1007.6588,130.50896,990.61328,2292.3413,0.6525448,0.70758092,0.69464886
15.041667,3853.9275,2750.6919,1206.7572,69.493126,409.46231,1008.0046,130.50688,990.53772,2291.9954,0.65253437,0.70752692,0.69454408
15.083333,3850.1394,2750.311,1197.6532,69.495064,409.539,1008.317,130.50494,990.461,2291.6831,0.65252471,0.70747215,0.69444942
15.125,3846.5007,2749.823,1189.5171,69.496834,409.6167,1008.602,130.50316,990.3833,2291.3979,0.65251583,0.70741665,0.69436306
15.166667,3843.01,2749.2397,1182.1807,69.498436,409.69525,1008.8643,130.50156,990.30475,2291.1357,0.65250784,0.70736057,0.69428355
15.208333,3839.6628,2748.572,1175.5139,69.49987,409.77451,1009.1075,130.50014,990.22552,2290.8926,0.65250069,0.70730394,0.69420987
15.25,3836.4539,2747.8296,1169.4146,69.501129,409.85437,1009.3344,130.49887,990.14563,2290.6658,0.65249437,0.7072469,0.69414109
15.291667,3833.3757,2747.0222,1163.801,69.502228,409.93472,1009.5471,130.49777,990.06531,2290.4529,0.65248889,0.7071895,0.69407666
15.333333,3830.4221,2746.158,1158.6075,69.503166,410.01547,1009.7476,130.49684,989.9845,2290.2524,0.65248418,0.7071318,0.69401586
15.375,3827.585,2745.2446,1153.7797,69.503952,410.09656,1009.9374,130.49605,989.90344,2290.0627,0.65248024,0.70707387,0.6939584
15.416667,3824.8577,2744.2886,1149.2728,69.504601,410.17786,1010.1176,130.49541,989.82214,2289.8823,0.65247703,0.70701581,0.69390374
15.458333,3822.2334,2743.2961,1145.0492,69.505112,410.25934,1010.2894,130.49489,989.74066,2289.7107,0.65247446,0.70695764,0.69385171
15.5,3819.7056,2742.2725,1141.077,69.505493,410.34091,1010.4536,130.49451,989.65906,2289.5464,0.65247256,0.70689934,0.69380194
15.541667,3817.2678,2741.2224,1137.3296,69.505753,410.42255,1010.6109,130.49425,989.57745,2289.3892,0.65247124,0.70684105,0.69375426
15.583333,3814.9143,2740.1501,1133.7833,69.505905,410.50418,1010.7621,130.49409,989.49585,2289.238,0.65247047,0.70678276,0.69370848
15.625,3812.6401,2739.0593,1130.4186,69.505959,410.58575,1010.9076,130.49405,989.41425,2289.0925,0.65247023,0.70672446,0.69366437
15.666667,3810.4397,2737.9529,1127.2177,69.505905,410.6673,1011.048,130.49409,989.3327,2288.9521,0.65247047,0.70666623,0.69362181
15.708333,3808.3088,2736.834,1124.1656,69.50576,410.74869,1011.1837,130.49425,989.25128,2288.8164,0.65247118,0.70660806,0.69358069
15.75,3806.2427,2735.7051,1121.249,69.505531,410.82996,1011.315,130.49448,989.17004,2288.6851,0.65247238,0.70655,0.69354093
15.791667,3804.2378,2734.5681,1118.4562,69.505219,410.91107,1011.4423,130.49478,989.08893,2288.5576,0.65247393,0.70649207,0.69350231
15.833333,3802.29,2733.425,1115.7766,69.504829,410.992,1011.5659,130.49518,989.008,2288.4341,0.65247583,0.70643431,0.69346488
15.875,3800.3962,2732.2778,1113.2013,69.504372,411.07272,1011.686,130.49564,988.92731,2288.314,0.65247816,0.70637661,0.69342846
15.916667,3798.5532,2731.1277,1110.7218,69.503838,411.15323,1011.803,130.49615,988.8468,2288.197,0.65248078,0.70631915,0.69339305
15.958333,3796.7578,2729.9758,1108.3308,69.50325,411.23349,1011.9169,130.49675,988.76648,2288.083,0.65248376,0.70626181,0.69335854
16,3795.0073,2728.8232,1106.0219,69.502602,411.31354,1012.028,130.49741,988.68646,2287.9719,0.65248698,0.70620465,0.69332486
16.041666,3793.2993,2727.6714,1103.7887,69.501892,411.39331,1012.1365,130.49811,988.60669,2287.8635,0.65249056,0.70614761,0.69329196
16.083334,3791.6316,2726.5205,1101.6262,69.501129,411.47281,1012.2424,130.49887,988.52716,2287.7576,0.65249431,0.70609087,0.69325989
16.125,3790.0017,2725.3716,1099.5295,69.50032,411.55206,1012.346,130.49968,988.44794,2287.6541,0.65249836,0.70603424,0.69322848
16.166666,3788.4077,2724.2253,1097.494,69.499466,411.63101,1012.4474,130.50053,988.36896,2287.5527,0.65250266,0.70597786,0.69319779
16.208334,3786.8479,2723.0823,1095.5159,69.498566,411.70972,1012.5466,130.50143,988.29028,2287.4534,0.65250719,0.70592165,0.69316769
16.25,3785.3201,2721.9426,1093.5913,69.49762,411.78812,1012.6439,130.50238,988.21191,2287.3562,0.65251189,0.70586562,0.69313818
16.291666,3783.823,2720.8069,1091.717,69.496635,411.86621,1012.7393,130.50336,988.13379,2287.2607,0.65251678,0.70580983,0.69310933
16.333334,3782.3552,2719.6758,1089.89,69.495621,411.94403,1012.8328,130.50438,988.05597,2287.1672,0.65252191,0.70575428,0.69308096
16.375,3780.915,2718.5491,1088.1074,69.49456,412.02151,1012.9246,130.50543,987.97845,2287.0754,0.65252721,0.70569891,0.69305313
16.416666,3779.501,2717.4272,1086.3665,69.493469,412.09875,1013.0148,130.50653,987.90125,2286.9854,0.65253264,0.70564377,0.69302583
16.458334,3778.1123,2716.3103,1084.665,69.492348,412.17566,1013.1033,130.50764,987.82434,2286.8967,0.65253824,0.70558882,0.69299901
16.5,3776.7476,2715.1987,1083.0009,69.491196,412.25226,1013.1904,130.5088,987.74774,2286.8096,0.65254402,0.7055341,0.6929726
16.541666,3775.4055,2714.0925,1081.3719,69.490021,412.32855,1013.276,130.50998,987.67145,2286.7241,0.65254992,0.70547962,0.69294667
16.583334,1544.0125,2711.8613,1078.5833,556.86652,412.41788,1013.3935,1043.1335,987.58215,2286.6064,0.65195847,0.70541579,0.69291103
16.625,1475.7112,2708.4849,1074.6176,557.12799,412.52039,1013.5432,1042.8719,987.47961,2286.4568,0.65179503,0.70534259,0.69286567
16.666666,1429.5343,2704.2417,1069.7783,557.12531,412.63278,1013.7165,1042.8746,987.36719,2286.2834,0.6517967,0.7052623,0.69281316
16.708334,1396.4015,2699.4272,1064.3745,556.966,412.75159,1013.9047,1043.0339,987.24841,2286.0952,0.65189624,0.70517743,0.69275618
16.75,1371.5116,2694.2776,1058.65,556.70966,412.87399,1014.101,1043.2903,987.12604,2285.8989,0.65205646,0.70508999,0.69269663
16.791666,1352.0476,2688.9626,1052.7794,556.39154,412.99802,1014.3008,1043.6085,987.00201,2285.6992,0.6522553,0.70500141,0.69263613
16.833334,1336.2889,2683.5986,1046.881,556.03308,413.12231,1014.5006,1043.9669,986.87769,2285.4995,0.65247935,0.70491266,0.69257557
16.875,1323.1508,2678.2622,1041.032,555.64789,413.24597,1014.6984,1044.3522,986.75403,2285.3015,0.65272009,0.70482433,0.69251561
16.916666,1311.9286,2673.002,1035.2813,555.24475,413.36844,1014.8929,1044.7552,986.63153,2285.1072,0.65297204,0.70473683,0.69245666
16.958334,1302.1509,2667.8477,1029.6583,554.82953,413.48938,1015.0833,1045.1705,986.51062,2284.9167,0.65323156,0.70465046,0.69239902
17,1293.4926,2662.8171,1024.1796,554.40625,413.60858,1015.2691,1045.5938,986.39142,2284.731,0.65349609,0.70456529,0.6923427
17.041666,1285.7236,2657.9187,1018.8531,553.97772,413.72595,1015.4501,1046.0222,986.27405,2284.5498,0.65376389,0.70448148,0.69228786
17.083334,1278.6764,2653.1563,1013.6812,553.54602,413.84146,1015.6263,1046.454,986.15857,2284.3735,0.65403372,0.70439899,0.69223446
17.125,1272.2261,2648.5288,1008.6625,553.11267,413.95511,1015.7978,1046.8873,986.04492,2284.2021,0.65430456,0.70431781,0.69218248
17.166666,1266.2775,2644.0339,1003.7935,552.67871,414.06693,1015.9645,1047.3213,985.93311,2284.0354,0.65457582,0.70423794,0.69213194
17.208334,1260.7562,2639.6677,999.06903,552.24512,414.17694,1016.1268,1047.7549,985.82306,2283.8733,0.65484679,0.70415932,0.69208276
17.25,1255.6038,2635.425,994.48346,551.81244,414.28528,1016.2847,1048.1875,985.71472,2283.7153,0.65511721,0.70408195,0.69203496
17.291666,1250.7725,2631.3005,990.03046,551.38135,414.39197,1016.4385,1048.6187,985.60803,2283.5615,0.65538669,0.70400572,0.69198835
17.333334,1246.2236,2627.2888,985.70374,550.95215,414.49707,1016.5883,1049.0479,985.50293,2283.4116,0.65565491,0.70393068,0.69194293
17.375,1241.925,2623.384,981.49707,550.52521,414.60065,1016.7343,1049.4749,985.39935,2283.2659,0.65592176,0.70385665,0.6918987
17.416666,1237.8499,2619.5811,977.40436,550.10083,414.70282,1016.8766,1049.8992,985.29718,2283.1233,0.656187,0.70378369,0.69185555
17.458334,1233.9751,2615.8745,973.41974,549.6792,414.80356,1017.0156,1050.3208,985.19641,2282.9844,0.65645051,0.70371175,0.69181347
17.5,1230.2814,2612.2595,969.53772,549.26056,414.90302,1017.1512,1050.7395,985.09698,2282.8489,0.65671217,0.7036407,0.69177234
17.541666,1226.7516,2608.7317,965.75293,548.84497,415.00119,1017.2837,1051.155,984.99884,2282.7163,0.65697187,0.7035706,0.69173223
17.583334,1223.3715,2605.2861,962.06055,548.43262,415.09814,1017.4132,1051.5674,984.90186,2282.5869,0.6572296,0.70350134,0.69169295
17.625,1220.1279,2601.9189,958.45581,548.02356,415.19394,1017.5399,1051.9764,984.80609,2282.4602,0.65748531,0.70343292,0.69165456
17.666666,1217.01,2598.626,954.93439,547.61786,415.28864,1017.6638,1052.3821,984.71136,2282.3362,0.6577388,0.70336527,0.69161701
17.708334,1214.0074,2595.4038,951.49219,547.2157,415.38223,1017.7852,1052.7843,984.61774,2282.2148,0.65799022,0.70329839,0.69158024
17.75,1211.1117,2592.249,948.12537,546.81696,415.47482,1017.904,1053.183,984.52521,2282.0959,0.65823942,0.70323229,0.69154423
17.791666,1208.3148,2589.1584,944.83038,546.42181,415.56641,1018.0204,1053.5782,984.43359,2281.9795,0.65848637,0.70316684,0.69150895
17.833334,1205.6097,2586.1289,941.60388,546.03021,415.65707,1018.1346,1053.9697,984.34296,2281.8655,0.6587311,0.70310211,0.69147438
17.875,1202.99,2583.1577,938.44269,545.64221,415.7468,1018.2466,1054.3578,984.25323,2281.7534,0.65897363,0.70303804,0.6914404
17.916666,1200.45,2580.2422,935.34387,545.25781,415.83563,1018.3565,1054.7422,984.16437,2281.6436,0.65921384,0.70297456,0.69140714
17.958334,1197.9844,2577.3801,932.30475,544.87708,415.92358,1018.4644,1055.1229,984.07642,2281.5356,0.65945184,0.70291173,0.69137442
18,1195.5886,2574.5688,929.32263,544.49988,416.01074,1018.5703,1055.5001,983.98926,2281.4297,0.65968758,0.70284945,0.69134235
18.041666,1193.2582,2571.8064,926.39508,544.12634,416.09711,1018.6743,1055.8737,983.90289,2281.3257,0.65992105,0.70278782,0.69131082
18.083334,1190.9894,2569.0906,923.51996,543.75641,416.18268,1018.7765,1056.2435,983.81732,2281.2234,0.66015226,0.70272666,0.69127983
18.125,1188.7783,2566.4199,920.69501,543.39008,416.26749,1018.877,1056.6099,983.73254,2281.123,0.6603812,0.7026661,0.69124943
18.166666,1186.6219,2563.7922,917.91827,543.02734,416.35156,1018.9758,1056.9727,983.64844,2281.0242,0.66060793,0.70260602,0.69121945
18.208334,1184.517,2561.2058,915.18787,542.66821,416.43494,1019.0729,1057.3318,983.56506,2280.927,0.66083241,0.70254648,0.69119
18.25,1182.4608,2558.6594,912.50189,542.31256,416.51761,1019.1685,1057.6874,983.48236,2280.8315,0.66105461,0.70248741,0.69116104
18.291666,1180.4507,2556.1511,909.85883,541.96051,416.59964,1019.2626,1058.0394,983.40039,2280.7373,0.66127467,0.70242882,0.69113255
18.333334,1178.4843,2553.6799,907.25696,541.612,416.68097,1019.3552,1058.3881,983.31903,2280.6448,0.66149253,0.7023707,0.69110447
18.375,1176.5592,2551.2444,904.69476,541.26691,416.76169,1019.4464,1058.733,983.23828,2280.5537,0.66170818,0.70231307,0.69107687
18.416666,1174.6736,2548.843,902.17096,540.92535,416.8418,1019.5362,1059.0746,983.1582,2280.4639,0.66192162,0.70225585,0.69104964
18.458334,1172.8253,2546.4749,899.68402,540.58722,416.92126,1019.6246,1059.4127,983.07874,2280.3752,0.66213298,0.7021991,0.69102281
18.5,1171.0127,2544.1387,897.23279,540.25256,417.00015,1019.7118,1059.7474,982.99982,2280.2881,0.66234213,0.70214278,0.69099641
18.541666,1169.2339,2541.8335,894.81604,539.92126,417.07846,1019.7977,1060.0787,982.92151,2280.2024,0.6625492,0.70208681,0.69097042
18.583334,1167.4875,2539.5581,892.43262,539.59332,417.15619,1019.8824,1060.4066,982.84381,2280.1177,0.66275418,0.70203131,0.69094473
18.625,1165.7721,2537.3115,890.08142,539.26874,417.23337,1019.9658,1060.7312,982.7666,2280.0342,0.66295701,0.70197618,0.69091946
18.666666,1164.0861,2535.0933,887.76135,538.94751,417.31003,1020.0482,1061.0525,982.69,2279.9519,0.66315782,0.7019214,0.69089448
18.708334,1162.4282,2532.9021,885.4715,538.62952,417.38614,1020.1293,1061.3705,982.61389,2279.8706,0.66335654,0.70186704,0.69086993
18.75,1160.7974,2530.7371,883.21088,538.31482,417.4617,1020.2094,1061.6852,982.53827,2279.7905,0.66355324,0.70181304,0.69084561
18.791666,1159.1923,2528.5977,880.97864,538.00336,417.53677,1020.2885,1061.9967,982.4632,2279.7117,0.66374791,0.70175946,0.69082171
18.833334,1157.6119,2526.4832,878.77386,537.69507,417.61136,1020.3664,1062.3049,982.38867,2279.6335,0.66394061,0.70170617,0.69079804
18.875,1156.0553,2524.3926,876.59583,537.38995,417.68542,1020.4434,1062.61,982.31458,2279.5566,0.66413128,0.70165324,0.69077474
18.916666,1154.5214,2522.3254,874.4436,537.08801,417.759,1020.5193,1062.912,982.24097,2279.4807,0.66431999,0.70160073,0.69075173
18.958334,1153.0093,2520.281,872.31659,536.78912,417.83212,1020.5943,1063.2108,982.16785,2279.4058,0.66450679,0.70154846,0.69072902
19,1151.5182,2518.2585,870.21405,536.49335,417.90479,1020.6683,1063.5066,982.09521,2279.3315,0.66469163,0.7014966,0.69070655
19.041666,1150.0472,2516.2576,868.13519,536.20068,417.97696,1020.7415,1063.7993,982.02301,2279.2585,0.66487461,0.70144504,0.69068438
19.083334,1148.5957,2514.2776,866.07947,535.91095,418.04871,1020.8137,1064.089,981.95129,2279.1863,0.66505563,0.70139378,0.6906625
19.125,1147.1627,2512.3179,864.04626,535.62427,418.12,1020.885,1064.3757,981.88,2279.115,0.6652348,0.70134288,0.69064093
19.166666,1145.7478,2510.3782,862.03491,535.34052,418.19086,1020.9555,1064.6594,981.80914,2279.0444,0.66541219,0.70129228,0.69061953
19.208334,1144.3502,2508.4575,860.04486,535.05975,418.26126,1021.0251,1064.9403,981.73871,2278.9749,0.66558766,0.70124197,0.69059843
19.25,1142.9692,2506.5559,858.07556,534.78186,418.33127,1021.0939,1065.2181,981.66876,2278.906,0.66576135,0.70119196,0.69057757
19.291666,1141.6044,2504.6726,856.12653,534.50684,418.40085,1021.1619,1065.4932,981.59918,2278.8381,0.66593325,0.70114225,0.690557
19.333334,1140.255,2502.8071,854.19714,534.23468,418.47,1021.2292,1065.7654,981.52997,2278.7708,0.66610336,0.70109284,0.69053662
19.375,1138.9207,2500.9592,852.28705,533.96527,418.53876,1021.2956,1066.0347,981.46124,2278.7043,0.66627169,0.70104373,0.69051647
19.416666,1137.6007,2499.1282,850.39569,533.69873,418.60712,1021.3613,1066.3013,981.39288,2278.6387,0.66643828,0.70099491,0.69049656
19.458334,1136.2948,2497.314,848.52258,533.43494,418.67508,1021.4262,1066.5651,981.32489,2278.5737,0.66660321,0.70094639,0.69047689
19.5,1135.0023,2495.5161,846.66742,533.17383,418.74265,1021.4905,1066.8262,981.25732,2278.5095,0.66676635,0.70089811,0.69045746
19.541666,1133.723,2493.7339,844.82965,532.91547,418.80984,1021.554,1067.0846,981.19019,2278.446,0.66692787,0.70085013,0.69043821
19.583334,1132.4563,2491.9675,843.00897,532.65973,418.87665,1021.6168,1067.3402,981.12335,2278.3833,0.66708767,0.70080239,0.69041914
19.625,1131.2018,2490.2161,841.2049,532.40668,418.94308,1021.6789,1067.5933,981.05695,2278.321,0.66724581,0.70075494,0.69040036
19.666666,1129.9591,2488.4797,839.41711,532.15625,419.00912,1021.7403,1067.8438,980.99084,2278.2598,0.66740233,0.70070773,0.69038171
19.708334,1128.728,2486.7578,837.64526,531.90839,419.07483,1021.8011,1068.0917,980.92517,2278.199,0.66755724,0.70066082,0.69036329
19.75,1127.5079,2485.05,835.88898,531.66309,419.14017,1021.8613,1068.3369,980.85986,2278.1387,0.66771054,0.70061415,0.69034505
19.791666,1126.2987,2483.3564,834.14795,531.42035,419.20514,1021.9207,1068.5797,980.79486,2278.0793,0.6678623,0.70056778,0.69032705
19.833334,1125.1,2481.6763,832.42175,531.18011,419.26974,1021.9796,1068.8199,980.73022,2278.0203,0.66801244,0.70052159,0.69030923
19.875,1123.9114,2480.0095,830.71014,530.94232,419.33401,1022.0379,1069.0576,980.66595,2277.9622,0.66816103,0.70047569,0.69029152
19.916666,1122.7325,2478.356,829.01288,530.70703,419.39795,1022.0956,1069.293,980.60205,2277.9045,0.66830814,0.70043004,0.69027406
19.958334,1121.5634,2476.7153,827.32953,530.47412,419.46152,1022.1526,1069.5259,980.53845,2277.8474,0.66845363,0.70038462,0.69025677
20,1120.4034,2475.0869,825.65991,530.24365,419.52475,1022.2091,1069.7563,980.47522,2277.7908,0.6685977,0.70033944,0.69023967
20.041666,1119.2524,2473.4712,824.00366,530.01556,419.58768,1022.265,1069.9844,980.41235,2277.7349,0.66874027,0.70029449,0.69022274
20.083334,1118.1104,2471.8674,822.3606,529.78979,419.65024,1022.3204,1070.2102,980.34973,2277.6797,0.66888136,0.70024985,0.69020593
20.125,1116.9768,2470.2756,820.73047,529.56641,419.71249,1022.3752,1070.4336,980.28748,2277.6248,0.66902101,0.70020539,0.6901893
20.166666,1115.8514,2468.6953,819.11292,529.34528,419.77441,1022.4294,1070.6547,980.22559,2277.5706,0.66915917,0.70016116,0.69017291
20.208334,1114.7343,2467.1265,817.50781,529.12646,419.83603,1022.4832,1070.8735,980.164,2277.5168,0.66929597,0.70011711,0.69015658
20.25,1113.6249,2465.5691,815.91479,528.90985,419.89731,1022.5364,1071.0901,980.10272,2277.4636,0.66943133,0.70007336,0.69014049
20.291666,1112.5232,2464.0225,814.3338,528.6955,419.95828,1022.5891,1071.3044,980.04175,2277.4109,0.66956532,0.70002979,0.69012451
20.333334,1111.429,2462.4866,812.76447,528.48334,420.01892,1022.6413,1071.5166,979.98108,2277.3586,0.66969788,0.69998646,0.69010872
20.375,1110.3419,2460.9617,811.2066,528.27338,420.07928,1022.693,1071.7266,979.92072,2277.3071,0.66982913,0.69994336,0.69009304
20.416666,1109.262,2459.447,809.6601,528.06561,420.13931,1022.7441,1071.9344,979.86066,2277.2559,0.66995901,0.69990051,0.69007754
20.458334,1108.189,2457.9424,808.12457,527.85992,420.19907,1022.7949,1072.1401,979.80096,2277.2051,0.67008758,0.69985783,0.69006217
20.5,1107.6162,3065.8044,806.6062,527.65057,239.82747,1022.8449,1072.3495,560.17255,2277.155,0.67021841,0.7002157,0.69004703
20.541666,1107.5356,3092.272,805.1134,527.43774,239.64882,1022.8941,1072.5623,560.3512,2277.106,0.67035139,0.70043898,0.69003212
20.583334,1107.8347,3109.9548,803.6546,527.22272,239.53363,1022.9421,1072.7772,560.46637,2277.0579,0.67048579,0.70058298,0.69001752
20.625,1108.3912,3122.3442,802.23639,527.0069,239.45457,1022.9888,1072.993,560.54541,2277.0112,0.67062068,0.70068181,0.6900034
20.666666,1109.1052,3131.355,800.86322,526.79144,239.39838,1023.0342,1073.2086,560.60162,2276.9658,0.67075539,0.70075202,0.68998963
20.708334,1109.9039,3138.1265,799.53754,526.57703,239.35732,1023.078,1073.423,560.6427,2276.9219,0.67088938,0.70080334,0.68997633
20.75,1110.7368,3143.3623,798.25995,526.36432,239.32663,1023.1204,1073.6357,560.67334,2276.8796,0.6710223,0.70084172,0.68996352
20.791666,1111.5699,3147.5093,797.02966,526.15363,239.3033,1023.1613,1073.8463,560.69672,2276.8389,0.67115396,0.70087087,0.68995112
20.833334,1112.3815,3150.8601,795.84491,525.94525,239.28532,1023.2007,1074.0548,560.71466,2276.7993,0.67128426,0.70089334,0.6899392
20.875,1113.1575,3153.6116,794.70325,525.7392,239.27139,1023.2388,1074.2607,560.72858,2276.7612,0.671413,0.70091075,0.68992764
20.916666,1113.8898,3155.8999,793.60181,525.53571,239.26059,1023.2756,1074.4644,560.73944,2276.7244,0.6715402,0.70092428,0.68991649
20.958334,1114.5739,3157.8218,792.53748,525.33466,239.25224,1023.3113,1074.6654,560.74774,2276.6887,0.67166585,0.70093471,0.68990564
21,1115.2078,3159.4475,791.50714,525.13611,239.24588,1023.3459,1074.8639,560.75415,2276.6541,0.67178994,0.70094264,0.68989515
21.041666,1115.7911,3160.8301,790.50775,524.94,239.24113,1023.3795,1075.0599,560.75885,2276.6206,0.67191249,0.7009486,0.68988502
21.083334,1116.3247,3162.009,789.53619,524.7464,239.23776,1023.4122,1075.2535,560.76221,2276.5879,0.67203349,0.70095277,0.68987513
21.125,1116.8101,3163.0156,788.58978,524.55524,239.23553,1023.444,1075.4448,560.76447,2276.5559,0.672153,0.70095557,0.68986547
21.166666,1117.249,3163.8748,787.66589,524.36639,239.2343,1023.4752,1075.6337,560.76569,2276.5249,0.67227101,0.70095712,0.68985599
21.208334,1117.6436,3164.606,786.76215,524.17987,239.23389,1023.5056,1075.8201,560.76611,2276.4944,0.6723876,0.70095766,0.68984681
21.25,1117.996,3165.2253,785.87634,523.99567,239.23422,1023.5353,1076.0044,560.76575,2276.4646,0.6725027,0.70095724,0.68983775
21.291666,1274.0278,3165.8232,785.08917,490.99304,239.23474,1023.5623,1009.007,560.76526,2276.4377,0.67267132,0.70095658,0.68982959
21.333334,1279.1431,3166.4128,784.40088,490.78546,239.23535,1023.5863,1009.2145,560.76465,2276.4138,0.67280972,0.70095581,0.68982232
21.375,1282.6362,3166.9851,783.78986,490.59631,239.23611,1023.608,1009.4037,560.76385,2276.3918,0.67293578,0.70095485,0.68981576
21.416666,1285.1624,3167.5283,783.23309,490.41885,239.23714,1023.6282,1009.5811,560.76288,2276.3718,0.6730541,0.7009536,0.68980962
21.458334,1287.0674,3168.0332,782.71198,490.24936,239.23845,1023.6473,1009.7506,560.76154,2276.3528,0.67316711,0.70095193,0.68980384
21.5,1288.5546,3168.4944,782.21277,490.08569,239.24008,1023.6656,1009.9143,560.75989,2276.3342,0.67327619,0.70094991,0.6897983
21.541666,1289.749,3168.9084,781.72595,489.92648,239.24207,1023.6836,1010.0735,560.75793,2276.3164,0.67338234,0.7009474,0.68979287
21.583334,1290.73,3169.2747,781.24487,489.77087,239.24437,1023.7013,1010.2291,560.75562,2276.2988,0.67348611,0.70094454,0.68978751
21.625,1291.5493,3169.594,780.76514,489.61832,239.24702,1023.7188,1010.3817,560.75299,2276.2813,0.6735878,0.70094121,0.68978214
21.666666,1292.2424,3169.8672,780.28387,489.46841,239.24998,1023.7363,1010.5316,560.75,2276.2637,0.67368776,0.70093751,0.6897769
21.708334,1292.8335,3170.0967,779.79913,489.32086,239.25323,1023.7538,1010.6791,560.74677,2276.2461,0.6737861,0.70093346,0.68977159
21.75,1293.3406,3170.2844,779.30969,489.17554,239.25677,1023.7714,1010.8245,560.74323,2276.2285,0.67388296,0.70092905,0.68976623
21.791666,1293.7765,3170.4324,778.81482,489.0322,239.26059,1023.789,1010.9678,560.73944,2276.2109,0.67397851,0.70092428,0.68976092
21.833334,1294.1512,3170.5432,778.31415,488.89078,239.26463,1023.8066,1011.1092,560.73535,2276.1934,0.6740728,0.70091921,0.68975556
21.875,1294.4728,3170.6189,777.8075,488.75119,239.26892,1023.8244,1011.2488,560.73108,2276.1755,0.67416584,0.70091385,0.68975019
21.916666,1294.7472,3170.6616,777.29486,488.61334,239.27342,1023.8422,1011.3867,560.72656,2276.1577,0.67425776,0.70090824,0.68974477
21.958334,1294.9795,3170.6733,776.77631,488.47714,239.27812,1023.8601,1011.5229,560.72186,2276.1399,0.67434859,0.70090234,0.68973935
22,1295.1741,3170.656,776.25195,488.34256,239.283,1023.8781,1011.6575,560.71698,2276.1218,0.6744383,0.70089626,0.68973392
22.041666,1295.3341,3170.6116,775.72198,488.20953,239.28806,1023.8961,1011.7905,560.71191,2276.104,0.67452699,0.70088995,0.68972844
22.083334,1295.4629,3170.5417,775.18671,488.07803,239.29327,1023.9142,1011.922,560.70673,2276.0859,0.67461467,0.70088339,0.68972296
22.125,1295.5629,3170.4478,774.6463,487.948,239.29865,1023.9323,1012.052,560.70135,2276.0676,0.67470133,0.70087671,0.68971747
22.166666,1295.6364,3170.3311,774.10101,487.81943,239.30415,1023.9505,1012.1806,560.69586,2276.0496,0.67478704,0.7008698,0.68971199
22.208334,1296.0819,3676.4299,773.55603,487.68799,89.641388,1023.9686,1012.312,210.35861,2276.0315,0.67487466,0.70119536,0.6897065
22.25,1296.9135,3699.2744,773.01892,487.55359,89.57505,1023.9863,1012.4464,210.42496,2276.0137,0.67496425,0.70141649,0.68970108
22.291666,1298.0374,3714.8418,772.49713,487.41727,89.530441,1024.0035,1012.5828,210.46956,2275.9963,0.67505515,0.70156521,0.68969589
22.333334,1299.3521,3726.0168,771.99658,487.28003,89.497131,1024.0201,1012.72,210.50287,2275.9797,0.67514664,0.70167625,0.68969089
22.375,1300.775,3734.3818,771.52136,487.14276,89.470894,1024.0359,1012.8572,210.5291,2275.9641,0.67523819,0.70176369,0.68968606
22.416666,1302.2465,3740.8779,771.07391,487.00607,89.449364,1024.0509,1012.9939,210.55064,2275.9492,0.67532927,0.70183545,0.68968159
22.458334,1303.7252,3746.0864,770.65509,486.87042,89.431076,1024.0648,1013.1296,210.56892,2275.9351,0.67541975,0.70189643,0.6896773
22.5,1305.1842,3750.377,770.26459,486.73602,89.415108,1024.078,1013.264,210.58488,2275.9219,0.67550933,0.70194966,0.6896733
22.541666,2854.8113,3754.752,770.72772,161.91447,89.399033,1024.067,338.08551,210.60097,2275.9329,0.67617106,0.70200324,0.68967664
22.583334,2903.2134,3759.394,772.08746,161.7462,89.382484,1024.0309,338.25378,210.61752,2275.969,0.67650759,0.70205837,0.68968761
22.625,2936.1401,3764.2327,774.133,161.6313,89.3657,1023.9757,338.36871,210.63429,2276.0244,0.67673743,0.70211434,0.68970436
22.666666,2959.9565,3769.1509,776.63776,161.54979,89.348969,1023.9078,338.4502,210.65103,2276.0923,0.67690039,0.70217007,0.68972492
22.708334,2978.012,3774.0479,779.41937,161.48956,89.33252,1023.8322,338.51044,210.66748,2276.1677,0.67702091,0.70222491,0.68974781
22.75,2992.2661,3778.8516,782.34589,161.44337,89.316505,1023.7527,338.55661,210.68349,2276.2473,0.67711323,0.70227832,0.68977189
22.791666,3003.9136,3783.5156,785.32684,161.40685,89.30101,1023.6718,338.59317,210.69899,2276.3281,0.67718631,0.70232999,0.68979639
22.833334,3013.7068,3788.0132,788.30231,161.37717,89.286079,1023.5912,338.62283,210.71393,2276.4089,0.67724568,0.70237976,0.68982089
22.875,3022.1333,3792.3306,791.23352,161.35254,89.271721,1023.5118,338.64746,210.72827,2276.4883,0.67729491,0.70242757,0.68984491
22.916666,3029.5203,3796.4634,794.09625,161.33176,89.257942,1023.4344,338.66824,210.74205,2276.5657,0.67733645,0.70247352,0.68986839
22.958334,3036.093,3800.4126,796.8761,161.314,89.24472,1023.3593,338.686,210.75528,2276.6406,0.67737198,0.70251763,0.6898911
23,3042.0125,3804.1829,799.56512,161.29865,89.232033,1023.2869,338.70135,210.76797,2276.7131,0.67740273,0.70255989,0.68991309
23.041666,3047.395,3807.7813,802.15973,161.28526,89.219849,1023.217,338.71472,210.78015,2276.783,0.67742944,0.70260054,0.68993425
23.083334,3052.3289,3811.2153,804.65924,161.27354,89.208138,1023.1499,338.72644,210.79185,2276.8501,0.67745292,0.70263952,0.68995458
23.125,3056.8811,3814.4937,807.0647,161.26323,89.196884,1023.0854,338.73676,210.80312,2276.9146,0.67747355,0.70267707,0.68997413
23.166666,3061.1042,3817.6252,809.37854,161.25412,89.18605,1023.0234,338.74588,210.81395,2276.9766,0.67749178,0.70271313,0.6899929
23.208334,3065.0408,3820.6179,811.60358,161.24605,89.175621,1022.964,338.75397,210.82439,2277.0361,0.67750788,0.70274794,0.69001091
23.25,3068.7249,3823.48,813.74341,161.23891,89.165558,1022.9069,338.76111,210.83444,2277.093,0.67752218,0.7027815,0.69002819
23.291666,3072.1843,3826.2192,815.80157,161.23256,89.155846,1022.8521,338.76743,210.84416,2277.1479,0.67753488,0.70281386,0.69004482
23.333334,3075.4429,3828.843,817.78174,161.22696,89.146454,1022.7994,338.77304,210.85355,2277.2004,0.67754608,0.70284516,0.69006079
23.375,3078.5203,3831.3579,819.6875,161.222,89.137375,1022.7488,338.77798,210.86263,2277.2512,0.67755598,0.70287544,0.69007611
23.416666,3081.4338,3833.7705,821.52246,161.21764,89.128586,1022.7003,338.78238,210.87141,2277.2998,0.67756474,0.7029047,0.69009084
23.458334,3084.1975,3836.0869,823.29004,161.21379,89.120071,1022.6535,338.78619,210.87993,2277.3464,0.67757243,0.70293307,0.69010502
23.5,3089.2136,3838.3403,3115.8494,161.19977,89.11174,123.18197,338.80023,210.88826,276.81802,0.6776005,0.70296085,0.69204509
23.541666,3096.5308,3840.5776,3249.9207,161.17509,89.103485,122.70725,338.82489,210.89651,277.29276,0.6776498,0.70298839,0.69323188
23.583334,3105.5637,3842.843,3342.5269,161.14201,89.0952,122.40286,338.85797,210.9048,277.59714,0.67771596,0.70301598,0.69399285
23.625,3115.6934,3845.1729,3409.6726,161.10304,89.086815,122.1841,338.89697,210.91319,277.81589,0.67779392,0.70304394,0.69453973
23.666666,3126.427,3847.5923,3460.5493,161.06023,89.078262,122.01717,338.93979,210.92174,277.98285,0.67787957,0.70307243,0.69495708
23.708334,3137.4128,3850.1167,3500.6399,161.01512,89.069527,121.88479,338.98489,210.93047,278.1152,0.67796975,0.70310158,0.69528806
23.75,3148.4136,3852.7527,3533.324,160.96881,89.060585,121.77628,339.03119,210.93941,278.22372,0.67806238,0.70313138,0.69555932
23.791666,3159.2764,3855.5002,3560.7439,160.92204,89.051453,121.68485,339.07794,210.94855,278.31516,0.6781559,0.70316184,0.69578785
23.833334,3169.8818,3858.3545,3584.3008,160.87592,89.042137,121.60603,339.12408,210.95787,278.39395,0.67824817,0.70319289,0.6959849
23.875,3180.1672,3861.3071,3604.9365,160.83131,89.032661,121.5368,339.1687,210.96735,278.4632,0.6783374,0.70322448,0.69615799
23.916666,3190.1326,3864.3477,3623.2998,160.78783,89.023048,121.47507,339.21216,210.97694,278.52493,0.67842436,0.70325649,0.69631231
23.958334,3199.7666,3867.4648,3639.8508,160.74553,89.013336,121.41934,339.25449,210.98666,278.58066,0.67850894,0.70328885,0.69645166
24,3209.0679,3870.647,3654.9248,160.70439,89.003548,121.36853,339.29559,210.99644,278.63147,0.67859119,0.70332152,0.69657868
24.041666,3218.0417,3873.8831,3668.7727,160.66443,88.993713,121.32181,339.33557,211.00629,278.67819,0.67867112,0.7033543,0.69669551
24.083334,3226.6975,3877.1616,3681.5854,160.6256,88.983849,121.27855,339.37442,211.01616,278.72144,0.67874885,0.7033872,0.69680363
24.125,3235.0464,3880.4727,3693.5122,160.58783,88.973984,121.23827,339.41217,211.02602,278.76172,0.67882431,0.70342004,0.6969043
24.166666,3243.1018,3883.8069,3704.6716,160.55113,88.964134,121.20056,339.44888,211.03586,278.79944,0.67889774,0.70345289,0.6969986
24.208334,3250.877,3887.1553,3715.1589,160.51541,88.95433,121.16512,339.48459,211.04567,278.83487,0.6789692,0.70348555,0.69708717
24.25,3258.3857,3890.5105,3725.0527,160.48064,88.94458,121.13169,339.51938,211.05542,278.86832,0.67903876,0.70351809,0.69717079
24.291666,3265.6414,3893.8657,3734.4177,160.44676,88.934898,121.10004,339.55325,211.06511,278.89996,0.67910647,0.70355034,0.69724989
24.333334,3272.657,3897.2148,3743.3086,160.41373,88.925301,121.06999,339.58627,211.07471,278.92999,0.67917252,0.70358235,0.69732499
24.375,3279.4451,3900.5527,3751.7715,160.38152,88.915794,121.0414,339.6185,211.08421,278.95862,0.67923695,0.70361406,0.69739652
24.416666,3286.0173,3903.8745,3759.8459,160.35007,88.906387,121.01411,339.64993,211.09361,278.98587,0.67929989,0.70364535,0.6974647
24.458334,3292.385,3907.1765,3767.5664,160.31934,88.897095,120.98804,339.68066,211.10291,279.01196,0.67936134,0.70367634,0.69752991
24.5,3298.5586,3910.4553,3774.9626,160.28931,88.887917,120.96306,339.71069,211.11209,279.03693,0.67942137,0.70370698,0.69759238
24.541666,3304.5481,3913.708,3782.0605,160.25993,88.878853,120.93909,339.74005,211.12114,279.06091,0.67948014,0.70373714,0.69765228
24.583334,3310.3625,3916.9324,3788.8831,160.23119,88.869919,120.91607,339.76883,211.13008,279.08392,0.67953765,0.70376694,0.69770986
24.625,3316.0107,3920.1265,3795.4504,160.20302,88.861107,120.89391,339.79697,211.13889,279.10608,0.67959398,0.70379633,0.69776523
24.666666,3321.501,3923.2883,3801.7808,160.17543,88.852432,120.87256,339.82458,211.14757,279.12744,0.67964917,0.70382524,0.69781858
24.708334,3326.8406,3926.4167,3807.8904,160.14836,88.84388,120.85196,339.85162,211.15611,279.14804,0.67970324,0.70385373,0.69787008
24.75,3332.0369,3929.5107,3813.7939,160.12183,88.835464,120.83206,339.87817,211.16454,279.16794,0.67975634,0.7038818,0.69791985
24.791666,3337.0962,3932.5696,3819.5042,160.09576,88.827171,120.81283,339.90424,211.17282,279.18716,0.6798085,0.7039094,0.69796795
24.833334,3342.0249,3935.5923,3825.0332,160.07018,88.819023,120.7942,339.92981,211.18098,279.20578,0.67985964,0.70393658,0.6980145
24.875,3346.8291,3938.5789,3830.3918,160.04503,88.810997,120.77617,339.95496,211.18901,279.22382,0.67990994,0.70396334,0.69805956
24.916666,3351.5142,3941.5286,3835.5898,160.02032,88.803101,120.75868,339.97968,211.1969,279.2413,0.67995936,0.70398968,0.69810331
24.958334,3356.085,3944.4417,3840.6362,159.99602,88.795341,120.74171,340.004,211.20467,279.25827,0.68000799,0.70401555,0.69814569
25,3360.5466,3947.3176,3845.5391,159.97211,88.787704,120.72524,340.02789,211.2123,279.27475,0.6800558,0.704041,0.69818687
